Daily Time Spent on Site,Age,Area Income,Daily Internet Usage,Ad Topic Line,Male,Country,Timestamp,Clicked on Ad
82.03,41,71511.08,187.53,Intuitive dynamic attitude,0,Afghanistan,2016-05-02 7:00,0
80.03,44,24030.06,150.84,Automated static concept,0,Afghanistan,2016-07-23 14:47,1
51.38,59,42362.49,158.56,Object-based modular functionalities,0,Afghanistan,2016-06-17 17:11,1
77.07,40,44559.43,261.02,Face-to-face analyzing encryption,0,Afghanistan,2016-03-01 10:01,0
51.87,50,51869.87,119.65,Team-oriented dynamic forecast,0,Afghanistan,2016-03-10 22:28,1
45.99,33,51163.14,124.61,Face-to-face methodical intranet,1,Afghanistan,2016-02-27 15:04,1
61.88,45,38260.89,108.18,Balanced disintermediate conglomeration,0,Afghanistan,2016-05-30 8:02,1
68.01,25,68357.96,188.32,Ameliorated actuating workforce,1,Afghanistan,2016-01-01 3:35,0
72.84,26,52968.22,238.63,Progressive empowering alliance,0,Afghanistan,2016-07-08 21:18,0
73.84,31,42042.95,121.05,Programmable uniform productivity,0,Afghanistan,2016-06-18 17:23,1
79.72,28,66025.11,193.8,Configurable tertiary budgetary management,1,Afghanistan,2016-05-20 12:17,0
43.63,41,51662.24,123.25,Exclusive zero tolerance frame,1,Afghanistan,2016-03-15 14:06,1
80.38,30,55130.96,238.06,Business-focused holistic benchmark,0,Afghanistan,2016-03-10 7:07,0
56.46,26,66187.58,151.63,Ameliorated leadingedge help-desk,0,Afghanistan,2016-04-07 18:52,1
36.73,34,46737.34,149.79,Multi-lateral attitude-oriented adapter,1,Afghanistan,2016-06-27 1:56,1
39.86,36,32593.59,145.85,Total 5thgeneration standardization,0,Afghanistan,2016-06-26 17:16,1
70.44,24,65280.16,178.75,Polarized attitude-oriented superstructure,1,Afghanistan,2016-06-06 21:26,0
70.58,26,56694.12,136.94,Proactive next generation knowledge user,0,Afghanistan,2016-02-26 9:18,1
57.86,30,18819.34,166.86,Horizontal modular success,0,Afghanistan,2016-07-08 17:14,1
78.15,33,72042.85,194.37,Ergonomic neutral portal,0,Afghanistan,2016-03-07 22:32,0
79.18,31,58443.99,236.96,Open-source holistic productivity,0,Afghanistan,2016-01-10 20:18,0
47.51,51,53700.57,130.41,Managed well-modulated collaboration,1,Afghanistan,2016-05-21 1:36,1
87.23,29,51015.11,202.12,Re-engineered responsive definition,0,Afghanistan,2016-03-26 19:54,0
35.49,48,43974.49,159.77,Fully-configurable holistic throughput,0,Afghanistan,2016-04-08 14:35,1
82.79,34,47997.75,132.08,Team-oriented zero-defect initiative,0,Afghanistan,2016-02-01 0:52,1
66.03,22,59422.47,217.37,Pre-emptive next generation strategy,0,Afghanistan,2016-05-31 23:32,0
46.28,26,50055.33,228.78,Stand-alone eco-centric system engine,1,Afghanistan,2016-04-18 21:07,1
53.33,34,44275.13,111.63,Configurable impactful productivity,1,Afghanistan,2016-03-14 4:34,1
72.01,31,57756.89,251,Horizontal multi-state interface,0,Afghanistan,2016-02-29 12:31,0
62.14,41,59397.89,110.93,Upgradable multi-tasking initiative,1,Afghanistan,2016-01-23 18:59,1
77.69,22,48852.58,169.88,Horizontal heuristic support,1,Afghanistan,2016-06-21 14:32,0
84.25,32,63936.5,170.9,Pre-emptive client-driven secured line,1,Afghanistan,2016-04-10 6:32,0
36.87,36,29398.61,195.91,Self-enabling incremental collaboration,0,Afghanistan,2016-01-28 11:50,1
77.6,24,58151.87,197.33,Open-architected system-worthy task-force,1,Afghanistan,2016-05-26 15:40,0
56.34,50,68713.7,139.02,Multi-channeled mission-critical success,1,Afghanistan,2016-03-17 23:39,1
65.07,34,73941.91,227.53,Monitored explicit hierarchy,1,Afghanistan,2016-03-11 0:05,0
35.11,35,47638.3,158.03,Extended analyzing emulation,1,Afghanistan,2016-03-11 13:07,1
74.06,50,60938.73,246.29,Horizontal intermediate monitoring,1,Afghanistan,2016-06-17 9:38,0
43.67,31,25686.34,166.29,Automated directional function,1,Afghanistan,2016-02-28 6:41,1
38.37,36,41229.16,140.46,Multi-layered user-facing paradigm,0,Afghanistan,2016-05-13 6:09,1
77.5,28,60997.84,225.34,Face-to-face responsive alliance,1,Afghanistan,2016-07-13 14:05,0
66.4,40,77567.85,214.42,Digitized heuristic solution,0,Afghanistan,2016-06-05 0:29,0
79.81,24,56194.56,178.85,Proactive context-sensitive project,1,Afghanistan,2016-05-31 11:44,1
37.45,47,31281.01,167.86,Horizontal high-level concept,0,Afghanistan,2016-04-10 3:30,1
46.66,45,49101.67,118.16,Grass-roots mission-critical emulation,0,Afghanistan,2016-03-09 2:07,1
37.05,39,49742.83,142.81,Automated object-oriented firmware,1,Afghanistan,2016-02-03 5:47,1
60.7,49,42993.48,110.57,Monitored object-oriented Graphic Interface,1,Argentina,2016-06-19 3:19,1
69.35,29,53431.35,252.77,Seamless 4thgeneration contingency,1,Argentina,2016-02-13 15:37,0
89.66,34,52802.58,171.23,Advanced didactic conglomeration,1,Argentina,2016-02-03 15:15,0
67.71,25,63430.33,225.76,Synergized intangible open system,1,Argentina,2016-04-28 2:55,0
67.39,44,51257.26,107.19,Realigned intermediate application,0,Argentina,2016-01-24 13:41,1
86.41,28,45593.93,207.48,Digitized static capability,1,Argentina,2016-03-01 22:13,0
66,48,24593.33,131.76,Reactive local challenge,1,Argentina,2016-03-07 1:40,1
57.7,34,42696.67,109.07,Phased dynamic customer loyalty,0,Argentina,2016-03-14 23:13,1
59.51,58,39132.64,140.83,Assimilated fault-tolerant hub,0,Argentina,2016-06-16 2:01,1
78.32,28,49309.14,239.52,Synergized cohesive array,0,Argentina,2016-06-26 11:52,1
43.84,36,70592.81,167.42,Public-key real-time definition,0,Argentina,2016-06-28 9:19,1
51.56,46,63102.19,124.85,Business-focused client-driven forecast,0,Argentina,2016-01-07 13:58,1
89.37,34,42760.22,162.03,Compatible dedicated productivity,1,Argentina,2016-04-16 12:26,0
56.39,58,32252.38,154.23,Programmable uniform website,0,Australia,2016-02-14 10:06,1
75.15,22,52011,212.87,Universal global intranet,1,Australia,2016-05-04 12:06,0
62.06,44,44174.25,105,Adaptive contextually-based methodology,0,Australia,2016-04-12 14:01,1
83.42,25,49850.52,183.42,Advanced heuristic firmware,1,Australia,2016-03-04 14:10,0
78.76,24,46422.76,219.98,Reactive interactive protocol,1,Australia,2016-01-08 8:08,0
68.72,27,66861.67,225.97,Fundamental tangible moratorium,0,Australia,2016-02-23 17:37,0
77.63,29,56113.37,239.22,Upgradable asynchronous circuit,0,Australia,2016-02-14 17:05,0
83.4,34,66691.23,207.87,Polarized multimedia system engine,0,Australia,2016-05-22 21:54,0
64.63,45,15598.29,158.8,Triple-buffered high-level Internet solution,1,Australia,2016-06-12 3:11,1
77.95,31,62572.88,233.65,Inverse asymmetric instruction set,1,Australia,2016-06-02 21:02,0
56.99,40,37713.23,108.15,Sharable optimal capacity,0,Australia,2016-07-16 23:08,1
56.2,49,53549.94,114.85,Adaptive uniform capability,1,Australia,2016-04-21 18:31,1
74.54,24,57518.73,219.75,Switchable secondary ability,0,Australia,2016-03-30 16:15,0
39.36,29,52462.04,161.79,Mandatory disintermediate info-mediaries,1,Australia,2016-01-14 20:58,1
79.8,28,57179.91,229.88,Customizable zero-defect Internet solution,1,Australia,2016-04-08 22:40,0
47,56,50491.45,149.53,Public-key bi-directional Graphical User Interface,0,Australia,2016-04-29 20:40,1
34.86,38,49942.66,154.75,Pre-emptive cohesive budgetary management,0,Australia,2016-06-18 17:56,1
56.39,27,38817.4,248.12,Configurable tertiary capability,1,Australia,2016-03-23 21:06,0
75.65,39,64021.55,247.9,Organized upward-trending contingency,1,Australia,2016-05-30 2:34,0
37.65,51,50457.01,161.29,Automated stable help-desk,1,Australia,2016-03-09 6:22,1
89.71,48,51501.38,204.4,Versatile local forecast,1,Australia,2016-02-17 7:00,0
79.71,34,69456.83,211.65,Seamless holistic time-frame,1,Australia,2016-07-02 14:57,0
80.51,28,64008.55,200.28,Robust dedicated system engine,1,Australia,2016-01-08 2:34,0
39.34,43,31215.88,148.93,Proactive radical support,0,Australia,2016-04-17 21:39,1
48.73,27,34191.23,142.04,Versatile content-based protocol,0,Australia,2016-07-09 16:23,1
42.95,33,30976,143.56,Grass-roots coherent extranet,0,Australia,2016-03-24 9:31,1
76.2,37,75044.35,178.51,Multi-layered fresh-thinking process improvement,0,Australia,2016-02-29 19:26,0
79.53,51,46132.18,244.91,Managed 6thgeneration hierarchy,0,Australia,2016-06-26 4:22,0
61.82,59,57877.15,151.93,Open-architected needs-based customer loyalty,1,Australia,2016-02-06 17:48,1
81.75,43,52520.75,249.45,Progressive 24/7 definition,0,Australia,2016-06-07 5:41,0
70.92,41,49995.63,108.16,Polarized modular function,1,Australia,2016-05-05 7:58,1
59.36,49,46931.03,110.84,Universal multi-state system engine,0,Australia,2016-07-01 1:12,1
82.72,31,65704.79,179.82,Cross-group global orchestration,0,Australia,2016-01-17 5:07,0
57.82,46,48867.36,107.56,Centralized asynchronous portal,1,Australia,2016-04-06 14:16,1
80.99,26,35521.88,207.53,Centralized clear-thinking Graphic Interface,1,Australia,2016-06-10 3:56,0
70.09,21,54725.87,211.17,Automated full-range Internet solution,0,Australia,2016-01-22 12:58,0
68.88,37,78119.5,179.58,Advanced 5thgeneration capability,0,Australia,2016-02-09 19:37,0
46.2,37,51315.38,119.3,Distributed maximized ability,0,Belgium,2016-04-03 11:38,1
84.59,36,47169.14,241.8,Integrated grid-enabled budgetary management,1,Belgium,2016-04-26 13:13,0
65.57,46,23410.75,130.86,Implemented asynchronous application,0,Belgium,2016-04-15 15:07,1
79.22,27,63429.18,198.79,Intuitive modular system engine,1,Belgium,2016-03-11 12:39,0
43.49,47,50335.46,127.83,User-centric intangible task-force,0,Belgium,2016-01-12 10:07,1
49.89,39,17709.98,160.03,Enhanced system-worthy application,1,Belgium,2016-04-16 12:09,1
44.64,36,55787.58,127.01,Up-sized incremental encryption,0,Belgium,2016-02-14 6:51,1
84.33,41,54989.93,240.95,Pre-emptive zero tolerance Local Area Network,0,Belgium,2016-03-16 0:28,0
75.8,36,71222.4,224.9,Multi-layered fresh-thinking neural-net,0,Belgium,2016-01-21 4:30,0
49.58,26,56791.75,231.94,Self-enabling holistic process improvement,0,Belgium,2016-04-07 16:02,0
61.04,41,75805.12,149.21,Operative didactic Local Area Network,0,Belgium,2016-05-02 15:31,1
80.94,36,60803,239.94,Self-enabling local strategy,0,Belgium,2016-01-01 5:31,0
72.23,25,46557.92,241.03,Focused 24hour implementation,1,Belgium,2016-07-05 17:17,0
88.97,45,49269.98,152.49,Advanced web-enabled standardization,0,Belgium,2016-06-11 18:32,1
68.82,20,38609.2,205.64,Cross-platform client-server hierarchy,1,Belgium,2016-07-11 15:45,0
78.18,23,52691.79,167.67,Customer-focused full-range neural-net,0,Belgium,2016-06-09 19:32,0
59.52,44,67511.86,251.08,Managed 5thgeneration time-frame,1,Belgium,2016-05-27 18:45,0
76.21,31,65834.97,228.94,Ameliorated exuding encryption,1,Belgium,2016-06-19 23:21,0
91.1,40,55499.69,198.13,Secured intermediate approach,1,Belgium,2016-03-07 22:51,0
72.18,30,69438.04,225.02,De-engineered attitude-oriented projection,0,Belgium,2016-06-10 22:21,0
79.52,24,51739.63,214.23,Synergistic fresh-thinking array,0,Belgium,2016-04-20 21:49,0
79.36,34,57260.41,245.78,Profound maximized workforce,1,Belgium,2016-04-28 22:54,0
87.26,35,63060.55,184.03,Multi-layered tangible portal,0,Belgium,2016-05-12 4:35,0
52.84,51,38641.2,121.57,Synergistic asynchronous superstructure,1,Belgium,2016-06-29 10:50,1
75.55,36,31998.72,123.71,Decentralized attitude-oriented interface,1,Belgium,2016-03-12 6:05,1
72.55,22,58953.01,202.34,Balanced empowering success,0,Belgium,2016-02-08 7:33,0
51.3,45,67782.17,134.42,Grass-roots cohesive monitoring,1,Belgium,2016-04-22 2:07,1
76.02,22,46179.97,209.82,Business-focused value-added definition,0,Belgium,2016-01-27 12:38,0
46.13,31,60248.97,139.01,Customer-focused optimizing moderator,0,Belgium,2016-02-01 9:00,1
70.79,31,74535.94,184.1,Distributed tertiary system engine,0,Belgium,2016-03-15 15:49,0
85.86,34,63115.34,208.23,Networked high-level structure,0,Belgium,2016-05-23 2:15,0
43.67,53,46004.31,143.79,Cloned analyzing artificial intelligence,1,Belgium,2016-07-21 21:16,1
59.59,42,43662.1,104.78,Re-engineered demand-driven capacity,1,Belgium,2016-07-06 18:36,1
76.49,23,56457.01,181.11,Public-key asynchronous matrix,0,Belgium,2016-03-25 5:05,0
78.35,46,53185.34,253.48,Pre-emptive client-server open system,0,Belgium,2016-01-11 2:07,0
50.6,48,65956.71,135.67,Customer-focused fault-tolerant implementation,0,Belgium,2016-01-15 22:49,1
45.01,26,29875.8,178.35,Virtual 5thgeneration emulation,0,Brazil,2016-06-03 21:43,1
54.7,36,31087.54,118.39,Grass-roots solution-oriented conglomeration,1,Brazil,2016-02-13 7:53,1
70.2,34,32708.94,119.2,Open-architected impactful productivity,0,Brazil,2016-04-14 5:08,1
73.18,23,61526.25,196.71,Organized static focus group,1,Brazil,2016-04-04 7:07,0
80.55,35,68016.9,219.91,Extended grid-enabled hierarchy,0,Brazil,2016-03-28 23:01,0
76.06,23,58633.63,201.04,Diverse multi-tasking parallelism,0,Brazil,2016-04-27 4:28,0
76.56,30,68030.18,213.75,Business-focused high-level hardware,0,Brazil,2016-03-08 10:39,0
51.58,33,49822.78,115.91,Vision-oriented system-worthy forecast,0,Brazil,2016-04-24 13:46,1
79.51,39,34942.26,125.11,Proactive non-volatile encryption,1,Brazil,2016-03-06 9:33,1
82.79,32,54429.17,234.81,Distributed fault-tolerant service-desk,1,Brazil,2016-02-24 10:36,0
86.06,32,61601.05,178.92,Focused upward-trending core,1,Brazil,2016-03-31 20:55,0
61.57,53,35253.98,125.94,Progressive 24hour forecast,1,Brazil,2016-03-14 14:13,1
65.1,49,59457.52,118.1,Up-sized real-time methodology,1,Brazil,2016-06-01 3:44,1
88.85,40,58363.12,213.96,Cloned optimal leverage,0,Brazil,2016-01-17 18:45,0
37.58,52,51600.47,176.7,Exclusive disintermediate Internet solution,1,Brazil,2016-04-13 13:04,1
67.26,57,25682.65,168.41,Focused incremental Graphic Interface,1,Brazil,2016-05-27 5:54,1
76.24,40,75524.78,198.32,Managed impactful definition,1,Brazil,2016-05-31 23:42,0
85.24,31,61840.26,182.84,Optional contextually-based flexibility,1,Brazil,2016-06-17 3:23,0
74.27,37,65180.97,247.05,Monitored executive architecture,1,Brazil,2016-01-31 9:57,0
66.79,60,60575.99,198.3,Decentralized client-driven data-warehouse,1,Brazil,2016-04-07 20:34,1
83.07,37,62491.01,230.87,Team-oriented grid-enabled Local Area Network,1,Brazil,2016-05-08 8:10,0
41.49,52,32635.7,164.83,Mandatory disintermediate utilization,0,Brazil,2016-05-20 8:49,1
85.61,27,47708.42,183.43,Customer-focused empowering ability,0,Brazil,2016-04-30 8:07,0
72.08,29,71228.44,169.5,Stand-alone national attitude,0,Brazil,2016-03-09 14:45,0
78.17,27,65227.79,192.27,Automated mobile model,1,Brazil,2016-04-26 20:57,0
83.91,29,53223.58,222.87,Distributed bifurcated challenge,0,Brazil,2016-01-04 22:27,0
40.47,38,24078.93,203.9,Sharable 5thgeneration access,0,Brazil,2016-07-22 7:44,1
87.98,38,56637.59,222.11,Focused scalable complexity,1,Brazil,2016-03-31 10:44,0
33.52,43,42191.61,165.56,Vision-oriented optimizing middleware,0,Brazil,2016-05-09 21:54,1
79.54,44,70492.6,217.68,Centralized multi-state hierarchy,1,Brazil,2016-01-05 16:34,0
83.49,33,66574,190.75,Polarized logistical hub,1,Brazil,2016-06-03 17:32,0
59.61,21,60637.62,198.45,Future-proofed coherent budgetary management,1,Brazil,2016-04-06 5:55,0
42.6,55,55121.65,168.29,Switchable analyzing encryption,0,Brazil,2016-07-11 18:12,1
78.67,26,63319.99,195.56,Proactive 5thgeneration frame,0,Brazil,2016-02-20 9:54,0
77.22,30,64802.33,224.44,Object-based reciprocal knowledgebase,1,Brazil,2016-01-05 7:52,0
84.59,35,60015.57,226.54,Streamlined non-volatile analyzer,1,Brazil,2016-03-18 13:22,0
84.79,33,61771.9,214.53,Managed eco-centric encoding,0,Brazil,2016-03-30 19:09,0
80.71,26,58476.57,200.58,Team-oriented context-sensitive installation,0,Brazil,2016-06-24 5:50,0
67.76,31,66176.97,242.59,Programmable high-level benchmark,0,Brazil,2016-05-24 17:42,0
62.42,29,73910.9,198.5,Upgradable optimizing toolset,1,Canada,2016-03-10 23:36,0
84.73,30,39840.55,153.76,Synchronized leadingedge help-desk,0,Canada,2016-02-21 7:42,1
42.05,51,28357.27,174.55,Configurable 24/7 hub,1,Canada,2016-06-20 14:20,1
76.79,27,55677.12,235.94,Open-architected intangible strategy,0,Canada,2016-05-01 23:21,0
54.55,44,41547.62,109.04,Re-engineered optimal policy,0,Canada,2016-02-04 3:10,1
81.75,24,52656.13,190.08,Open-architected web-enabled benchmark,1,Canada,2016-04-29 18:53,0
80.3,58,49090.51,173.43,Managed client-server access,0,Canada,2016-04-04 20:01,1
84.29,30,56984.09,160.33,Team-oriented transitional methodology,1,Canada,2016-06-26 2:06,1
74.18,28,69874.18,203.87,Front-line even-keeled website,0,Canada,2016-01-20 2:31,0
70.39,32,47357.39,261.52,Phased 5thgeneration open system,1,Canada,2016-07-12 10:56,0
78.96,50,69868.48,193.15,Stand-alone well-modulated product,0,Canada,2016-02-12 1:55,1
77.51,36,73600.28,200.55,Total 5thgeneration encoding,0,Canada,2016-07-01 4:41,0
39.53,33,40243.82,142.21,Intuitive transitional artificial intelligence,1,Canada,2016-06-01 12:27,1
86.69,34,62238.58,198.56,Customer-focused attitude-oriented instruction set,0,Canada,2016-05-27 6:19,0
37.32,50,56735.14,199.25,Versatile dedicated software,1,Canada,2016-03-30 23:40,1
81.11,39,56216.57,248.19,Total cohesive moratorium,1,Canada,2016-07-13 11:41,0
54.47,23,46780.09,141.52,Vision-oriented bifurcated contingency,0,Canada,2016-03-26 19:37,1
43.6,38,20856.54,170.49,Virtual bandwidth-monitored initiative,0,Canada,2016-01-11 7:36,1
72.07,31,69710.51,226.45,Grass-roots eco-centric instruction set,0,Canada,2016-04-16 16:38,0
57.64,36,37212.54,110.25,Robust web-enabled attitude,1,Canada,2016-01-18 15:18,1
55.77,49,55942.04,117.33,Fully-configurable high-level groupware,1,Canada,2016-03-15 14:33,1
44.57,31,38349.78,133.17,Adaptive context-sensitive application,1,Canada,2016-03-27 9:11,1
79.97,44,70449.04,216,Programmable empowering middleware,0,Canada,2016-07-13 1:48,0
41.7,39,42898.21,126.95,Innovative regional structure,0,Canada,2016-05-27 5:35,1
71.03,55,28186.65,150.77,Programmable didactic capacity,0,Canada,2016-03-12 7:18,1
87.16,33,60805.93,197.15,Reduced holistic help-desk,0,Canada,2016-02-11 11:50,0
45.44,43,48453.55,119.27,Enhanced intermediate standardization,0,Canada,2016-05-04 5:01,1
45.96,45,66281.46,141.22,Streamlined cohesive conglomeration,0,Canada,2016-06-03 0:55,1
42.39,42,66541.05,150.99,De-engineered mobile infrastructure,0,Canada,2016-04-28 5:50,1
72.44,34,70547.16,230.14,Customizable tangible hierarchy,0,Canada,2016-04-15 14:45,0
80.05,25,45959.86,219.94,Networked stable open architecture,1,Canada,2016-03-08 5:48,0
38.35,33,47447.89,145.48,Horizontal global leverage,1,Canada,2016-06-16 20:24,1
87.27,30,51824.01,204.27,Fully-configurable 5thgeneration circuit,1,Canada,2016-03-06 6:51,1
70.68,31,74430.08,199.08,Configurable multi-state utilization,0,Canada,2016-07-17 1:58,0
41.35,27,39193.45,162.46,Streamlined homogeneous analyzer,1,Canada,2016-03-03 3:51,1
79.67,28,58576.12,226.79,Total grid-enabled application,0,Canada,2016-07-20 1:56,0
38.96,38,36497.22,140.67,Versatile mission-critical application,1,Canada,2016-07-21 16:02,1
90.97,37,54520.14,180.77,Multi-lateral empowering throughput,0,Canada,2016-02-16 18:21,0
43.59,36,58849.77,132.31,Re-engineered context-sensitive knowledge user,1,Canada,2016-05-26 13:43,1
69.58,43,28028.74,255.07,Cross-group value-added success,0,Canada,2016-04-04 18:36,1
49.42,53,45465.25,128,Ameliorated well-modulated complexity,1,Canada,2016-07-07 18:07,1
55.35,39,75509.61,153.17,De-engineered object-oriented protocol,1,Canada,2016-03-08 0:37,1
88.89,35,50439.49,218.8,Balanced 4thgeneration success,1,Canada,2016-07-17 18:55,0
65.65,25,63879.72,224.92,Intuitive explicit firmware,1,Canada,2016-06-03 6:34,0
80.46,27,61625.87,207.96,Digitized zero administration paradigm,1,Canada,2016-02-04 2:13,0
80.72,31,68614.98,186.37,Re-engineered neutral success,0,Canada,2016-04-19 5:15,0
86.63,39,63764.28,209.64,Face-to-face multimedia success,1,Canada,2016-04-06 21:20,0
71.9,29,72203.96,193.29,De-engineered intangible flexibility,1,Canada,2016-04-24 7:20,0
57.99,50,62466.1,124.58,Innovative homogeneous alliance,0,Canada,2016-02-12 8:46,1
40.88,33,48554.45,136.18,Networked non-volatile synergy,1,Canada,2016-05-31 17:50,1
64.1,22,60465.72,215.93,Seamless object-oriented structure,0,Canada,2016-04-01 16:21,0
41.73,47,60812.77,144.71,Proactive client-server productivity,0,Canada,2016-04-08 22:48,1
66.12,49,39031.89,113.8,Stand-alone motivating moratorium,0,Canada,2016-02-15 7:27,1
56.16,25,66429.84,164.25,Seamless motivating approach,1,Canada,2016-01-22 19:43,1
80.6,31,67479.62,177.55,Sharable bottom-line solution,0,Canada,2016-04-07 3:56,0
76.9,28,66107.84,212.67,Synchronized multimedia model,0,Canada,2016-04-22 8:31,0
80.59,37,67744.56,224.23,Robust responsive collaboration,0,Canada,2016-07-21 23:14,0
83.97,40,66291.67,158.42,Progressive asynchronous adapter,1,Croatia,2016-02-02 11:49,0
70.13,31,70889.68,224.98,Profit-focused systemic support,0,Croatia,2016-05-16 23:21,0
70.05,33,75560.65,203.44,Diverse directional hardware,0,Croatia,2016-03-24 17:48,0
51.24,36,76368.31,176.73,Versatile transitional monitoring,0,Croatia,2016-01-03 16:01,1
41.73,28,61142.33,202.18,Sharable dedicated Graphic Interface,1,Croatia,2016-01-07 19:16,1
80.91,32,61608.23,231.42,Enterprise-wide bi-directional secured line,0,Croatia,2016-01-31 4:10,0
66.08,61,58966.22,184.23,Synchronized multi-tasking ability,1,Croatia,2016-01-07 23:02,1
44.13,40,33601.84,128.48,Ameliorated discrete extranet,1,Croatia,2016-03-03 20:20,1
41.89,38,68519.96,163.38,Compatible systemic function,0,Croatia,2016-02-03 4:21,1
75.84,21,48537.18,186.98,Reactive bi-directional workforce,0,Croatia,2016-02-07 7:41,0
89,37,52079.18,222.26,Devolved regional moderator,1,Croatia,2016-01-26 15:56,0
69.15,46,36424.94,112.72,Automated multi-state toolset,0,Croatia,2016-07-24 0:22,1
66.83,46,77871.75,196.17,Assimilated hybrid initiative,1,Croatia,2016-02-28 23:10,0
41.84,49,37605.11,139.32,Operative secondary functionalities,0,Croatia,2016-05-01 8:27,1
91.15,38,36834.04,184.98,Robust uniform framework,0,Croatia,2016-02-22 7:04,0
41.88,40,44217.68,126.11,Streamlined exuding adapter,1,Croatia,2016-02-28 23:54,1
68.18,21,48376.14,218.17,Switchable 3rdgeneration hub,1,Croatia,2016-02-09 22:04,0
37.47,44,45716.48,141.89,Realigned content-based leverage,1,Croatia,2016-01-26 3:56,1
34.87,40,59621.02,200.23,Configurable logistical Graphical User Interface,0,Croatia,2016-06-12 17:52,1
65.9,22,60550.66,211.39,De-engineered tertiary secured line,0,Croatia,2016-07-16 14:13,0
71.9,54,61228.96,140.15,Inverse zero tolerance customer loyalty,1,Croatia,2016-04-22 20:32,1
72.92,29,69428.73,217.1,Customizable mission-critical adapter,1,Croatia,2016-03-15 17:33,0
74.71,46,37908.29,258.06,Proactive local focus group,1,Croatia,2016-06-13 11:06,0
55.04,42,43881.73,106.96,Quality-focused optimizing parallelism,1,Croatia,2016-06-15 5:43,1
72.82,34,75769.82,191.82,User-centric discrete success,1,Croatia,2016-01-27 16:06,0
76.07,36,68033.54,235.56,Implemented bottom-line implementation,0,Croatia,2016-01-23 1:42,0
73.21,30,51013.37,252.6,Networked logistical info-mediaries,1,Croatia,2016-05-12 20:57,1
37.74,40,65773.49,190.95,Balanced uniform algorithm,0,Croatia,2016-05-27 12:45,1
58.21,37,47575.44,105.94,Open-source global strategy,0,Croatia,2016-02-07 17:06,1
84.31,29,47139.21,225.87,Object-based optimal solution,0,Croatia,2016-01-06 21:43,0
57.64,57,45580.92,133.81,Synchronized dedicated service-desk,1,Croatia,2016-03-15 3:12,1
70.41,27,66618.21,223.03,Centralized systematic knowledgebase,0,Croatia,2016-04-04 21:30,0
49.78,46,71718.51,152.24,Enterprise-wide client-driven contingency,0,Croatia,2016-06-29 2:43,1
76.56,34,70179.11,221.53,Universal bi-directional extranet,1,Croatia,2016-04-23 8:15,0
82.58,38,65496.78,225.23,Open-architected zero administration secured line,1,Croatia,2016-03-11 14:50,0
74.63,26,51975.41,235.99,Enhanced asymmetric installation,1,Croatia,2016-07-05 20:16,0
56.66,42,72684.44,139.42,Upgradable asymmetric emulation,0,Croatia,2016-02-20 10:52,1
57.11,22,59677.64,207.17,Self-enabling tertiary challenge,1,Croatia,2016-06-07 23:46,0
82.49,45,38645.4,130.84,Assimilated multi-state paradigm,0,Croatia,2016-05-31 0:58,1
76.7,36,71136.49,222.25,Open-source coherent monitoring,0,Croatia,2016-06-12 5:31,0
32.99,45,49282.87,177.46,Phased full-range hardware,0,Croatia,2016-04-30 19:42,1
40.01,53,51463.17,161.77,Sharable multimedia conglomeration,0,Croatia,2016-03-01 22:06,1
76.83,28,67990.84,192.81,Quality-focused 5thgeneration orchestration,0,Croatia,2016-03-04 14:33,0
85.35,37,64235.51,161.42,Exclusive multi-state Internet solution,1,Croatia,2016-02-17 11:15,0
69.57,48,51636.92,113.12,Centralized content-based focus group,1,Egypt,2016-06-03 1:14,1
35.61,46,51868.85,158.22,Up-sized secondary software,0,Egypt,2016-03-28 8:46,1
79.57,31,61227.59,230.93,User-friendly asymmetric info-mediaries,0,Egypt,2016-05-17 4:27,0
43.41,28,59144.02,160.73,Customer-focused zero-defect process improvement,0,Egypt,2016-02-05 15:26,1
82.8,30,58776.67,223.2,Enhanced systemic benchmark,1,Egypt,2016-05-07 8:39,0
73.71,23,56605.12,211.38,Inverse local hub,1,Egypt,2016-02-15 5:35,0
35.98,47,55993.68,165.52,Focused 3rdgeneration pricing structure,1,Egypt,2016-03-10 23:26,1
81.1,29,61172.07,216.49,Front-line dynamic model,1,Egypt,2016-07-08 3:47,0
68.58,41,13996.5,171.54,Exclusive discrete firmware,1,Egypt,2016-07-06 12:04,1
77.36,41,49597.08,115.79,Fully-configurable asynchronous firmware,0,Egypt,2016-02-26 6:00,1
34.04,34,40182.84,174.88,Reverse-engineered context-sensitive emulation,1,Egypt,2016-02-16 7:37,1
41.28,50,50960.08,140.39,Universal 24/7 implementation,0,Egypt,2016-01-29 3:54,1
64.88,42,70005.51,129.8,Customizable systematic service-desk,1,Egypt,2016-02-14 22:23,1
68.68,34,77220.42,187.03,Sharable encompassing database,1,Egypt,2016-07-15 9:42,0
52.17,44,57594.7,115.37,Optional modular throughput,1,Egypt,2016-02-24 6:17,1
71,22,56067.38,211.87,Extended systemic policy,0,Egypt,2016-03-14 6:46,0
36.31,47,57983.3,168.92,Reverse-engineered well-modulated capability,0,Egypt,2016-04-18 0:49,1
65.77,21,42162.9,218.61,Function-based fault-tolerant model,1,Egypt,2016-03-18 17:35,0
71.05,20,49544.41,204.22,Self-enabling asynchronous knowledge user,1,Egypt,2016-06-13 22:41,0
47.48,31,29359.2,141.34,Reverse-engineered 24hour hardware,0,Egypt,2016-06-30 0:19,1
75,29,63965.16,230.36,Secured upward-trending benchmark,1,Egypt,2016-02-16 2:29,0
45.82,27,64410.8,171.24,Expanded full-range synergy,1,Egypt,2016-02-10 20:43,1
75.83,27,67516.07,200.59,Managed upward-trending instruction set,0,Egypt,2016-03-04 10:13,0
87.3,35,58337.18,216.87,Triple-buffered regional toolset,0,Egypt,2016-01-09 7:28,0
36.44,39,52400.88,147.64,Configurable disintermediate throughput,1,Egypt,2016-05-31 6:21,1
46.61,42,65856.74,136.18,Progressive intermediate throughput,0,Egypt,2016-01-01 20:17,1
63.26,29,54787.37,120.46,Customizable holistic archive,1,Egypt,2016-03-02 4:02,1
52.13,50,40926.93,118.27,Open-source even-keeled database,1,Egypt,2016-01-28 17:03,1
46.14,28,39723.97,137.97,Seamless bandwidth-monitored knowledge user,1,Egypt,2016-04-04 13:56,1
46.43,28,53922.43,137.2,Reverse-engineered background Graphic Interface,1,Egypt,2016-04-25 3:18,1
41.86,39,53041.77,128.62,Open-source stable paradigm,1,Egypt,2016-03-26 15:28,1
35.98,45,43241.88,150.79,Front-line fresh-thinking installation,0,Egypt,2016-06-27 21:51,1
89.05,45,57868.44,206.98,Polarized bandwidth-monitored moratorium,0,Egypt,2016-04-03 10:07,0
38.94,41,57587,142.67,Optional mission-critical functionalities,1,Egypt,2016-07-15 9:08,1
61.09,26,55336.18,131.68,User-friendly well-modulated leverage,1,Egypt,2016-04-09 16:31,1
65.22,30,66263.37,240.09,Fully-configurable foreground solution,1,Egypt,2016-05-07 15:16,0
49.81,35,57009.76,120.06,Seamless real-time array,1,Egypt,2016-01-05 4:18,1
69.11,42,73608.99,231.48,Face-to-face mission-critical definition,1,Egypt,2016-04-21 12:34,0
51.68,49,51067.54,258.62,Seamless cohesive conglomeration,0,Egypt,2016-06-28 12:51,1
50.08,30,41629.86,123.91,Sharable grid-enabled matrix,0,Egypt,2016-01-03 5:34,1
84.08,30,62336.39,187.36,Face-to-face intermediate approach,1,Egypt,2016-01-13 2:58,0
76.81,28,65172.22,217.85,Managed zero tolerance concept,1,Egypt,2016-07-03 12:57,0
89.15,42,59886.58,171.07,Phased zero administration success,0,Egypt,2016-04-25 7:30,0
55.92,24,33951.63,145.08,Focused systemic benchmark,0,Egypt,2016-05-31 21:41,1
49.13,32,41097.17,120.49,Optimized intermediate help-desk,0,Egypt,2016-01-29 0:45,1
83.69,36,68717,192.57,Robust context-sensitive neural-net,0,Egypt,2016-03-23 5:27,0
65.65,30,72209.99,158.05,Up-sized tertiary contingency,0,Egypt,2016-07-02 21:22,0
46.08,30,66784.81,164.63,Synergistic value-added extranet,1,Egypt,2016-07-21 10:54,1
67.05,25,65421.39,220.92,Realigned scalable standardization,0,Egypt,2016-02-26 9:54,0
67.69,37,76408.19,216.57,Monitored content-based implementation,0,Egypt,2016-07-18 18:33,0
83.16,41,70185.06,194.95,Decentralized 24hour approach,0,France,2016-01-04 4:00,0
56.7,48,62784.85,123.13,Progressive non-volatile neural-net,0,France,2016-01-09 4:53,1
73.89,39,47160.53,110.68,Horizontal national architecture,0,France,2016-04-20 0:41,1
75.15,33,71296.67,219.49,Synchronized zero tolerance product,1,France,2016-06-19 18:19,0
87.97,35,48918.55,149.25,Secured secondary superstructure,1,France,2016-03-24 5:38,0
40.19,37,55358.88,136.99,Right-sized system-worthy project,0,France,2016-01-18 2:51,1
71.14,30,69758.31,224.82,Assimilated stable encryption,0,France,2016-06-21 0:52,0
44.4,53,43073.78,140.95,Phased zero-defect portal,1,France,2016-06-30 0:43,1
54.97,31,51900.03,116.38,Virtual bifurcated portal,1,France,2016-07-07 12:17,1
66.47,31,58037.66,256.39,Vision-oriented human-resource synergy,1,France,2016-03-03 3:13,0
46.37,52,32847.53,144.27,De-engineered solution-oriented open architecture,0,France,2016-01-05 0:02,1
53.38,35,60803.37,120.06,Total local synergy,1,France,2016-03-30 1:05,1
48.86,54,53188.69,134.46,Proactive encompassing paradigm,0,France,2016-01-09 17:33,1
78.01,26,62729.4,200.71,Focused multi-state workforce,1,France,2016-03-28 2:29,0
81.99,33,61270.14,230.9,Inverse bi-directional knowledge user,0,France,2016-02-15 14:13,0
59.88,30,75535.14,193.63,Reverse-engineered content-based intranet,1,France,2016-03-02 5:11,0
91.43,39,46964.11,209.91,Organic motivating model,1,France,2016-07-07 3:55,0
87.85,31,52178.98,210.27,Compatible scalable emulation,1,France,2016-06-14 19:48,0
43.57,36,50971.73,125.2,Front-line upward-trending groupware,1,France,2016-06-25 17:33,1
85.84,32,62204.93,192.85,Up-sized 6thgeneration moratorium,1,France,2016-06-09 21:43,0
74.65,28,67669.06,212.56,Robust transitional ability,0,France,2016-03-17 5:00,0
45.05,42,66348.95,141.36,Digitized contextually-based product,0,France,2016-05-05 11:09,1
73.38,25,53058.91,236.19,Horizontal transitional challenge,1,France,2016-04-21 9:30,0
61.87,35,66629.61,250.2,Multi-channeled attitude-oriented toolset,1,France,2016-07-10 19:15,0
80.39,31,66269.49,214.74,Fully-configurable incremental Graphical User Interface,0,France,2016-05-03 8:21,0
65.8,25,60843.32,231.49,Expanded radical software,1,France,2016-03-18 16:04,0
77.66,29,67080.94,168.15,Operative scalable emulation,0,France,2016-06-19 22:08,0
77.44,28,65620.25,210.39,Front-line incremental access,0,France,2016-06-10 4:21,0
64.38,19,52530.1,180.47,Configurable dynamic secured line,1,France,2016-05-27 5:23,0
82.3,31,56735.83,232.21,Balanced executive definition,0,France,2016-04-16 8:36,0
37.87,52,56394.82,188.56,Phased analyzing emulation,1,France,2016-05-25 20:10,1
79.36,33,62330.75,234.72,Cross-platform directional intranet,1,France,2016-01-02 4:50,0
35.65,40,31265.75,172.58,Seamless intangible secured line,1,France,2016-05-10 7:22,1
76.59,29,67526.92,211.64,Reverse-engineered maximized focus group,0,France,2016-06-18 5:17,0
82.69,29,61161.29,167.41,Fully-configurable eco-centric frame,1,France,2016-05-24 10:16,0
63.18,45,39211.49,107.92,Reactive upward-trending migration,0,France,2016-03-05 12:03,1
82.12,52,28679.93,201.15,Fully-configurable client-driven customer loyalty,1,Germany,2016-02-03 10:40,1
69.88,20,55642.32,183.82,Mandatory homogeneous architecture,1,Germany,2016-07-11 1:42,0
39.86,28,51171.23,161.24,Ergonomic zero tolerance encoding,0,Germany,2016-02-23 13:55,1
74.07,22,50950.24,165.43,Cross-group non-volatile secured line,1,Germany,2016-03-22 4:13,0
78.76,51,66980.27,162.05,Face-to-face modular budgetary management,0,Germany,2016-07-23 4:04,1
83.86,31,64122.36,190.25,Up-sized executive moderator,0,Germany,2016-02-05 19:06,0
88.12,38,46653.75,230.91,Realigned next generation projection,0,Germany,2016-02-17 7:05,0
87.35,35,58114.3,158.29,Cloned dedicated analyzer,1,Germany,2016-01-26 2:47,0
51.95,52,58295.82,129.23,Monitored systematic hierarchy,0,Germany,2016-07-19 8:32,1
50.08,40,64147.86,125.85,Ergonomic full-range time-frame,1,Germany,2016-04-10 2:02,1
86.19,31,57669.41,210.26,Pre-emptive executive knowledgebase,1,Germany,2016-05-08 12:51,0
79.44,26,60845.55,206.79,Public-key zero-defect analyzer,0,Germany,2016-05-15 13:18,0
59.12,33,28210.03,124.54,Synergistic stable infrastructure,0,Germany,2016-05-12 21:32,1
84.81,32,43299.63,233.93,Multi-layered stable encoding,1,Germany,2016-07-04 23:17,0
86.53,46,46500.11,233.36,Networked responsive application,0,Germany,2016-06-29 1:19,0
78.51,25,59106.12,205.71,Focused web-enabled Graphical User Interface,1,Germany,2016-01-17 13:27,0
79.15,26,62312.23,203.23,Intuitive explicit conglomeration,0,Germany,2016-01-20 19:09,0
53.14,38,49111.47,109,Automated web-enabled migration,1,Germany,2016-07-03 22:13,1
80.15,25,55195.61,214.49,Monitored intermediate circuit,0,Germany,2016-07-18 2:51,0
75.81,40,71157.05,229.19,Inverse zero-defect capability,0,Germany,2016-03-27 19:50,0
68.25,29,70324.8,220.08,Phased fault-tolerant definition,0,Germany,2016-02-15 16:18,0
74.53,30,68862,221.51,Configurable coherent function,1,Germany,2016-04-18 9:33,0
50.18,35,63006.14,127.82,Customizable hybrid system engine,1,Germany,2016-06-20 4:24,1
56.56,26,68783.45,204.47,Compatible composite project,1,Germany,2016-02-03 22:11,0
44.72,46,40468.53,123.86,Cross-group systemic customer loyalty,1,Germany,2016-03-12 2:48,1
76.28,33,52686.47,254.34,Right-sized asynchronous website,0,Germany,2016-02-15 7:55,0
54.39,20,52563.22,171.9,Digitized content-based circuit,1,Germany,2016-02-29 18:06,1
73.41,31,73049.3,201.26,Profound executive flexibility,1,Germany,2016-01-16 8:01,0
78.77,28,63497.62,211.83,Public-key intangible Graphical User Interface,0,Germany,2016-01-01 8:27,0
44.73,35,55316.97,127.56,Object-based neutral policy,1,Germany,2016-01-27 18:25,1
67.69,44,37345.34,109.22,Fundamental methodical support,0,Germany,2016-04-01 1:57,1
38.46,42,58183.04,145.98,Customizable 6thgeneration knowledge user,1,Germany,2016-04-06 11:24,1
84.53,27,40763.13,168.34,Stand-alone tangible moderator,0,Germany,2016-01-04 21:48,1
39.19,54,52581.16,173.05,Stand-alone empowering benchmark,0,Germany,2016-01-23 21:15,1
55.55,19,41920.79,187.95,Proactive bandwidth-monitored policy,0,Germany,2016-03-24 2:35,0
66.49,20,56884.74,202.16,Polarized 6thgeneration info-mediaries,0,Germany,2016-06-10 11:31,0
39.96,45,59610.81,146.13,Enhanced homogeneous moderator,1,Germany,2016-04-15 6:08,1
59.7,28,49158.5,120.25,Expanded zero administration attitude,0,Germany,2016-05-10 14:12,1
47.53,30,33258.09,135.18,Customer-focused upward-trending contingency,0,Germany,2016-04-03 5:10,1
63.36,48,70053.27,137.43,Centralized tertiary pricing structure,0,Germany,2016-06-23 1:22,1
81.51,41,53412.32,250.03,Future-proofed modular utilization,0,Germany,2016-05-19 9:30,0
33.33,45,53350.11,193.58,Pre-emptive value-added workforce,1,Germany,2016-01-17 9:31,1
68.41,38,61428.18,259.76,Grass-roots empowering paradigm,0,Germany,2016-04-30 15:27,0
46.13,46,37838.72,123.64,Horizontal hybrid challenge,1,Germany,2016-01-09 5:44,1
71.28,37,67307.43,246.72,Distributed scalable orchestration,1,Germany,2016-04-10 16:08,0
44.33,41,43386.07,120.63,Ergonomic empowering frame,0,Germany,2016-01-14 9:27,1
59.64,51,71455.62,153.12,Re-contextualized human-resource success,1,Germany,2016-05-03 1:09,1
60.75,42,69775.75,247.05,Fully-configurable systemic productivity,1,Germany,2016-02-19 13:26,0
83.97,28,56986.73,205.5,Reactive needs-based instruction set,1,Germany,2016-06-16 2:33,0
63.99,43,72802.42,138.46,Ameliorated bandwidth-monitored contingency,0,Germany,2016-01-11 8:18,1
48.09,33,19345.36,180.42,Balanced motivating help-desk,0,Germany,2016-05-28 12:38,1
44.96,50,52802,132.71,Focused fresh-thinking Graphic Interface,1,Germany,2016-01-02 12:25,1
87.46,37,61009.1,211.56,Synergized grid-enabled framework,1,Germany,2016-06-16 3:17,0
37.51,30,52097.32,163,Re-contextualized optimal service-desk,1,Germany,2016-03-21 18:46,1
69.97,28,55041.6,250,Mandatory 3rdgeneration moderator,0,Germany,2016-05-22 0:01,0
81.59,35,65826.53,223.16,Managed disintermediate capability,0,Germany,2016-07-04 11:03,0
47.66,29,27086.4,156.54,Devolved responsive structure,0,Germany,2016-07-18 11:33,1
68.1,40,74903.41,227.73,Reactive composite project,1,Germany,2016-02-05 16:50,0
59.22,55,39131.53,126.39,Polarized 5thgeneration matrix,1,Germany,2016-01-13 2:39,1
66.89,23,64433.99,208.24,Universal incremental array,1,Germany,2016-01-04 7:28,0
83.53,36,67686.16,204.56,Customizable methodical Graphical User Interface,0,Germany,2016-07-06 5:34,0
45.72,36,22473.08,154.02,Versatile homogeneous capacity,1,Germany,2016-04-19 15:14,1
81.58,25,39699.13,199.39,Decentralized needs-based analyzer,0,Germany,2016-05-11 22:02,0
65.15,29,41335.84,117.3,Expanded value-added emulation,0,Germany,2016-07-14 22:43,1
83.89,28,60188.38,180.88,Ameliorated intermediate Graphical User Interface,1,China,2016-05-28 12:20,0
55.74,37,26130.93,124.34,Networked asymmetric infrastructure,1,China,2016-02-11 16:45,1
40.18,29,50760.23,151.96,Enhanced intangible portal,0,China,2016-06-25 4:21,1
80.31,44,56366.88,127.07,Cross-platform regional task-force,0,China,2016-04-18 15:54,1
69.74,49,66524.8,243.37,Enhanced maximized access,0,China,2016-03-27 16:41,0
73.3,36,68211.35,135.72,Adaptive asynchronous attitude,1,China,2016-01-30 4:38,1
62.18,33,65899.68,126.44,Reactive impactful challenge,0,China,2016-05-20 0:00,1
49.19,38,61004.51,123.08,Versatile solution-oriented secured line,0,China,2016-05-12 12:11,1
66.8,29,59683.16,248.51,Diverse leadingedge website,0,China,2016-07-11 13:23,1
68.37,35,73889.99,225.58,Robust logistical utilization,0,China,2016-06-03 3:36,0
77.14,24,60283.98,184.88,Horizontal heuristic synergy,1,China,2016-01-21 18:51,0
38.65,31,51812.71,154.77,Total even-keeled architecture,1,China,2016-05-24 9:50,1
72.76,33,66431.87,240.63,Virtual impactful algorithm,1,China,2016-05-10 4:28,0
80.46,29,56909.3,230.78,Mandatory coherent groupware,0,China,2016-06-04 9:13,0
74.38,40,74024.61,220.05,Enhanced zero tolerance Graphic Interface,1,China,2016-03-13 13:50,0
65.59,47,28265.81,121.81,Digitized disintermediate ability,0,China,2016-03-22 6:41,1
66.88,35,62790.96,119.47,Polarized bifurcated array,1,China,2016-03-23 19:58,1
79.53,33,61467.33,236.72,Profound well-modulated array,0,China,2016-02-28 22:02,0
43.97,36,68863.95,156.97,User-friendly grid-enabled analyzer,1,China,2016-01-30 9:54,1
48.46,49,61230.03,132.38,Devolved human-resource circuit,1,China,2016-01-21 23:33,1
41.82,41,24852.9,156.36,Phased transitional instruction set,0,China,2016-05-26 22:49,1
66.77,25,58847.07,141.13,Cross-platform zero-defect structure,0,China,2016-07-09 11:18,1
85.62,29,57032.36,195.68,Triple-buffered systematic info-mediaries,0,China,2016-04-14 21:37,0
75.64,29,69718.19,204.82,Pre-emptive well-modulated moderator,1,China,2016-03-15 19:35,0
35.25,50,47051.02,194.44,Intuitive global website,0,China,2016-01-03 4:39,1
56.14,38,32689.04,113.53,Devolved tangible approach,1,China,2016-02-03 7:59,1
81.46,29,51636.12,231.54,Intuitive fresh-thinking moderator,0,China,2016-02-29 11:00,0
51.65,31,58996.56,249.99,Virtual context-sensitive support,0,China,2016-05-25 10:39,0
67.8,30,39809.69,117.75,Team-oriented 6thgeneration extranet,1,China,2016-03-03 2:59,1
73.94,26,55411.06,236.15,Front-line non-volatile implementation,1,China,2016-01-24 1:53,0
64.2,27,66200.96,227.63,Phased zero tolerance extranet,1,China,2016-02-11 23:45,0
65.19,36,75254.88,150.61,Cross-group regional website,0,China,2016-02-17 11:42,1
73.1,28,57014.84,242.37,Universal asymmetric archive,0,China,2016-01-25 7:52,0
78.68,29,66225.72,208.05,Inverse high-level capability,0,China,2016-01-16 16:40,0
52.56,31,33147.19,250.36,Integrated interactive support,1,China,2016-04-24 1:48,1
74.15,29,54806.18,245.89,Triple-buffered reciprocal time-frame,1,China,2016-01-10 2:31,0
48.01,46,54286.1,119.93,Centralized 24/7 installation,0,China,2016-04-25 11:01,1
78.84,26,56593.8,217.66,Persistent even-keeled application,1,China,2016-06-29 7:20,0
70.61,28,72154.68,190.12,Assimilated encompassing portal,0,China,2016-04-16 5:24,0
75.94,27,53042.51,236.96,Future-proofed stable function,1,China,2016-02-16 12:05,0
46.31,57,44248.52,153.98,Front-line fault-tolerant intranet,1,China,2016-03-24 13:37,1
77.05,31,62161.26,236.64,Upgradable local migration,0,China,2016-03-20 22:27,0
77.47,36,70510.59,222.91,Assimilated actuating policy,1,China,2016-03-14 3:29,0
74.58,36,70701.31,230.52,Configurable mission-critical algorithm,0,China,2016-07-22 11:05,0
61.76,34,33553.9,114.69,Open-source local approach,0,China,2016-05-27 8:53,1
40.17,26,47391.95,171.31,Visionary asymmetric encryption,1,China,2016-02-01 14:37,1
71.33,23,31072.44,169.4,Optimized attitude-oriented initiative,0,China,2016-03-15 6:54,1
76.2,24,47258.59,228.81,Optimized coherent Internet solution,1,Japan,2016-03-02 6:35,0
71.4,30,72188.9,166.31,Integrated 3rdgeneration monitoring,0,Japan,2016-05-24 17:07,0
69.9,43,71392.53,138.35,Down-sized modular intranet,0,Japan,2016-05-13 11:51,1
76.99,31,56729.78,244.34,Switchable mobile framework,1,Japan,2016-06-22 7:33,0
67.36,37,73104.47,233.56,Future-proofed grid-enabled implementation,0,Japan,2016-07-06 16:00,0
62.06,40,63493.6,116.27,Digitized radical array,1,Japan,2016-03-16 20:10,1
52.67,44,14775.5,191.26,Persevering 5thgeneration knowledge user,0,Japan,2016-05-19 6:37,1
66.69,35,48758.92,108.27,Integrated encompassing support,0,Japan,2016-05-11 19:13,1
70.04,31,74780.74,183.85,Intuitive radical forecast,1,Japan,2016-03-27 3:59,0
71.74,35,72423.97,227.56,Multi-channeled reciprocal artificial intelligence,0,Japan,2016-07-19 18:06,0
57.35,29,41356.31,119.84,Distributed 3rdgeneration definition,0,Japan,2016-04-23 14:34,1
83.71,45,64564.07,220.48,Organized demand-driven knowledgebase,1,Japan,2016-04-17 19:10,0
91.37,45,51920.49,182.65,Re-engineered composite moratorium,1,Japan,2016-04-01 7:37,1
37,48,36782.38,158.22,Function-based context-sensitive secured line,1,Japan,2016-03-24 6:36,1
60.23,35,43313.73,106.86,Balanced asynchronous hierarchy,0,Japan,2016-03-08 18:00,1
67.56,31,62318.38,125.45,Seamless composite budgetary management,0,Japan,2016-04-25 21:15,1
49.35,49,44304.13,119.86,Inverse stable synergy,0,Japan,2016-04-07 20:38,1
36.37,40,47338.94,144.53,Quality-focused zero-defect data-warehouse,1,Japan,2016-04-22 0:28,1
87.29,36,61628.72,209.93,Future-proofed methodical protocol,1,Japan,2016-03-23 9:43,0
55.6,44,65953.76,124.38,Fully-configurable neutral open system,1,Japan,2016-06-14 11:59,1
76.32,35,74166.24,195.31,Networked foreground definition,1,Japan,2016-06-23 0:16,0
43.63,38,61757.12,135.25,Quality-focused maximized extranet,1,Japan,2016-05-25 19:45,1
55.71,37,57806.03,112.52,Upgradable 4thgeneration portal,1,Japan,2016-03-06 23:26,1
71.89,23,61617.98,172.81,Function-based transitional complexity,1,Japan,2016-02-03 23:47,0
60.72,44,42995.8,105.69,Synergized context-sensitive database,0,Japan,2016-02-28 18:52,1
76.87,27,54774.77,235.35,Configurable fault-tolerant monitoring,1,Japan,2016-05-29 21:17,0
81.37,26,53049.44,156.48,Business-focused responsive website,1,Japan,2016-02-15 12:25,0
80.22,30,61806.31,224.58,Integrated motivating neural-net,0,Japan,2016-07-05 15:14,0
84,48,46868.53,136.21,Inverse discrete extranet,1,Japan,2016-04-17 5:08,1
78.36,24,58920.44,196.77,Multi-tiered foreground Graphic Interface,1,Japan,2016-06-24 21:09,0
70.9,28,71727.51,190.95,Centralized client-driven workforce,0,Japan,2016-06-17 23:19,0
36.49,52,42136.33,196.61,Object-based system-worthy superstructure,1,Japan,2016-03-09 0:41,1
69.42,25,65791.17,213.38,Quality-focused hybrid frame,0,Japan,2016-02-13 4:16,0
82.95,39,69805.7,201.29,Customer-focused impactful success,0,Japan,2016-04-05 8:18,0
45.48,49,53336.76,129.16,Networked client-server solution,1,Japan,2016-05-19 4:23,1
60.94,41,76893.84,154.97,Fundamental fault-tolerant neural-net,0,Japan,2016-02-14 7:30,1
57.24,52,46473.14,117.35,Profound optimizing utilization,1,Japan,2016-06-29 21:39,1
67.91,23,55002.05,146.8,Re-engineered non-volatile neural-net,1,Japan,2016-01-12 3:28,1
42.83,34,54324.73,132.38,Vision-oriented methodical support,1,Japan,2016-04-23 9:42,1
63.24,53,65229.13,235.78,Future-proofed holistic superstructure,1,Japan,2016-07-03 4:33,1
40.67,35,48913.07,133.18,Stand-alone encompassing throughput,0,Japan,2016-05-05 9:28,1
84.88,32,63924.82,186.48,Ameliorated tangible hierarchy,0,Japan,2016-04-18 3:41,0
66.26,47,14548.06,179.04,Optional full-range projection,1,Japan,2016-04-25 19:31,1
58.6,19,44490.09,197.93,Configurable impactful firmware,1,Japan,2016-06-05 21:38,0
72.97,30,71384.57,208.58,Fundamental modular algorithm,1,Japan,2016-02-11 21:49,1
89.8,36,57330.43,198.24,User-centric attitude-oriented adapter,0,Japan,2016-02-02 4:57,0
38.93,39,27508.41,162.08,Intuitive exuding service-desk,0,Japan,2016-03-11 6:49,1
78.57,36,64045.93,239.32,Exclusive client-driven model,1,Japan,2016-03-27 2:35,0
39.76,28,35350.55,196.83,Integrated maximized service-desk,1,Japan,2016-02-08 14:02,1
78.29,38,57844.96,252.07,Networked regional Local Area Network,0,Japan,2016-01-05 20:58,0
53.63,54,50333.72,126.29,Front-line zero-defect array,1,Japan,2016-01-08 18:13,1
50.87,24,62939.5,190.41,Programmable empowering orchestration,0,Japan,2016-05-10 17:13,1
50.78,51,49957,122.04,Vision-oriented asynchronous Internet solution,0,Japan,2016-02-11 17:02,1
45.08,38,35349.26,125.27,Synergized clear-thinking protocol,0,Japan,2016-03-27 8:32,1
78.19,30,62475.99,228.81,Triple-buffered needs-based Local Area Network,0,Japan,2016-01-31 6:14,0
34.3,41,53167.68,160.74,Re-contextualized reciprocal interface,1,Japan,2016-05-16 14:50,1
53.44,42,42907.89,108.17,Up-sized next generation architecture,1,Japan,2016-04-04 22:00,1
73.15,25,64631.22,211.12,Face-to-face executive encryption,1,Japan,2016-01-29 7:14,0
75.55,36,73234.87,159.24,Managed grid-enabled standardization,0,Japan,2016-05-09 2:58,1
62.2,25,25408.21,161.16,Cross-platform multimedia algorithm,0,Japan,2016-04-24 13:42,1
59.21,35,73347.67,144.62,Managed disintermediate matrices,1,Japan,2016-02-02 8:55,1
48.26,50,43573.66,122.45,User-centric intermediate knowledge user,1,Japan,2016-06-18 22:31,1
62.12,37,50671.6,105.86,Re-engineered intangible software,1,Japan,2016-03-18 13:00,1
35.49,47,36884.23,170.04,Front-line actuating functionalities,0,Japan,2016-04-13 7:07,1
39.94,41,64927.19,156.3,Function-based optimizing protocol,0,Japan,2016-01-08 22:47,1
46.98,50,21644.91,175.37,Down-sized well-modulated archive,0,Japan,2016-05-04 9:00,1
39.3,32,48335.2,145.73,Decentralized bottom-line help-desk,0,Japan,2016-02-24 4:11,1
84.37,30,61389.5,201.58,Synchronized systemic hierarchy,0,Japan,2016-04-12 3:26,0
54.43,37,75180.2,154.74,Balanced contextually-based pricing structure,1,Japan,2016-05-31 9:06,1
73.27,28,67301.39,216.24,Front-line multi-state hub,1,Japan,2016-05-22 15:17,0
50.63,50,25767.16,142.23,Operative full-range forecast,0,Japan,2016-03-10 15:07,1
78.24,23,54106.21,199.29,Sharable value-added solution,0,Japan,2016-04-04 11:39,0
80.64,26,46974.15,221.59,Vision-oriented real-time framework,0,Japan,2016-05-24 10:04,0
62.79,36,18368.57,231.87,Total coherent archive,1,Japan,2016-05-30 20:08,1
58.35,37,70232.95,132.63,Universal asymmetric workforce,0,Japan,2016-06-12 21:21,1
46.84,45,34903.67,123.22,Virtual homogeneous budgetary management,0,Japan,2016-05-15 18:44,1
45.62,43,53647.81,121.28,Monitored homogeneous artificial intelligence,0,Japan,2016-06-26 2:34,1
82.4,36,66744.65,218.97,Implemented bifurcated workforce,1,Japan,2016-06-29 3:07,0
34.96,42,36913.51,160.49,Right-sized mobile initiative,1,Japan,2016-06-01 16:10,1
66.63,60,60333.38,176.98,User-friendly upward-trending intranet,0,Japan,2016-01-16 23:37,1
63.88,38,19991.72,136.85,Upgradable even-keeled hardware,0,Japan,2016-02-29 23:56,1
84.95,34,56379.3,230.36,Mandatory dedicated data-warehouse,0,Japan,2016-02-26 17:01,0
64.51,42,79484.8,190.71,Virtual 5thgeneration neural-net,1,Japan,2016-04-29 7:49,0
76.44,26,58820.16,224.2,Distributed intangible database,1,Japan,2016-01-05 6:34,0
87.18,31,58287.86,193.6,Right-sized logistical middleware,0,Japan,2016-01-31 5:12,0
71.84,47,76003.47,199.79,Advanced exuding conglomeration,1,Japan,2016-05-08 22:47,0
62.26,37,77988.71,166.19,Vision-oriented uniform knowledgebase,0,Japan,2016-05-26 15:40,0
72.46,40,56683.32,113.53,Enhanced tertiary utilization,0,Japan,2016-05-01 9:23,1
50.48,50,20592.99,162.43,Switchable real-time product,0,Japan,2016-05-16 18:51,1
84.04,38,50723.67,244.55,Self-enabling didactic pricing structure,0,Japan,2016-07-20 9:27,0
79.4,35,63966.72,236.87,User-centric intangible contingency,0,Japan,2016-04-01 9:21,0
81.05,34,54045.39,245.5,Configurable asynchronous application,0,Malaysia,2016-05-18 0:07,0
59.05,57,25583.29,169.23,Digitized global capability,1,Malaysia,2016-07-15 5:05,1
89.91,40,59593.56,194.23,Innovative background conglomeration,0,Malaysia,2016-07-09 14:55,0
84.69,31,46160.63,231.85,Right-sized transitional parallelism,1,Malaysia,2016-07-07 23:32,0
64.79,30,42251.59,116.07,Visionary mission-critical application,0,Malaysia,2016-02-17 20:22,1
80.47,42,70505.06,215.18,Grass-roots multimedia policy,1,Malaysia,2016-02-21 5:23,0
52.35,25,33293.78,147.61,Mandatory 4thgeneration structure,1,Malaysia,2016-06-05 7:54,1
81.45,31,66027.31,205.84,Triple-buffered human-resource complexity,1,Malaysia,2016-05-30 21:22,0
65.07,24,57545.56,233.85,Multi-lateral multi-state encryption,0,Malaysia,2016-01-03 7:13,0
48.03,40,25598.75,134.6,Networked stable array,1,Malaysia,2016-06-02 22:16,1
72.03,34,70783.94,230.95,Up-sized bi-directional infrastructure,1,Malaysia,2016-07-05 22:33,0
69.77,54,57667.99,132.27,Face-to-face dedicated flexibility,0,Malaysia,2016-06-01 3:17,1
76.02,40,73174.19,219.55,Distributed leadingedge orchestration,0,Malaysia,2016-07-13 14:30,0
41.46,42,52177.4,128.98,Integrated impactful groupware,1,Malaysia,2016-05-23 8:06,1
69.95,28,56725.47,247.01,Horizontal even-keeled challenge,0,Malaysia,2016-04-28 1:24,0
43.16,35,25371.52,156.11,Implemented didactic support,1,Malaysia,2016-07-06 3:40,1
61.88,42,60223.52,112.19,Balanced actuating moderator,1,Malaysia,2016-07-23 11:46,1
73.27,32,67113.46,234.75,Streamlined analyzing initiative,1,Malaysia,2016-01-29 20:16,0
41.47,31,60953.93,219.79,Secured scalable Graphical User Interface,0,Malaysia,2016-07-06 15:56,1
44.15,28,48867.67,141.96,Proactive secondary monitoring,1,Malaysia,2016-01-22 15:03,1
53.3,34,44893.71,111.94,Self-enabling optimal initiative,0,Malaysia,2016-05-06 21:07,1
81.67,28,62927.96,196.76,Visionary analyzing structure,1,Malaysia,2016-03-04 8:48,0
70.66,43,63450.96,120.95,Versatile scalable encryption,1,Malaysia,2016-02-26 4:57,1
75.32,28,59998.5,233.6,Reduced mobile structure,1,Malaysia,2016-01-01 21:58,0
66.04,27,71881.84,199.76,Synergistic non-volatile analyzer,0,Malaysia,2016-03-05 23:02,0
81.9,41,66773.83,225.47,Multi-channeled 3rdgeneration model,0,Malaysia,2016-06-11 6:47,0
67.58,41,65044.59,255.61,Focused high-level conglomeration,1,Malaysia,2016-02-01 19:42,0
39.25,39,62378.05,152.36,Customer-focused incremental system engine,0,Malaysia,2016-01-23 17:39,1
32.6,45,48206.04,185.47,Multi-tiered interactive neural-net,0,Malaysia,2016-05-02 18:37,1
41.53,42,67575.12,158.81,Optional tangible productivity,0,Malaysia,2016-05-23 0:32,1
54.08,36,53012.94,111.02,Innovative cohesive pricing structure,1,Malaysia,2016-06-02 4:14,1
43.7,28,63126.96,173.01,Front-line bifurcated ability,0,Malaysia,2016-04-04 3:57,1
72.23,48,52736.33,115.35,Integrated coherent pricing structure,0,Malaysia,2016-07-17 1:13,1
66.17,26,63580.22,228.7,Business-focused maximized complexity,0,Malaysia,2016-05-02 0:01,0
49.21,46,49206.4,115.6,Realigned 24/7 core,0,Malaysia,2016-02-28 3:34,1
86.58,32,60151.77,195.93,Business-focused asynchronous budgetary management,1,Malaysia,2016-02-26 23:44,0
39.87,48,47929.83,139.34,Business-focused user-facing benchmark,1,Mexico,2016-06-13 6:11,1
54.37,38,72196.29,140.77,Up-sized asymmetric firmware,0,Mexico,2016-06-25 18:17,1
50.33,50,62657.53,133.2,Sharable analyzing alliance,1,Mexico,2016-03-02 4:57,1
74.02,32,72272.9,210.54,Operative system-worthy protocol,0,Mexico,2016-03-09 14:57,0
53.68,47,56180.93,115.26,Operative stable moderator,1,Mexico,2016-02-16 9:11,1
79.82,26,51512.66,223.28,Function-based directional productivity,1,Mexico,2016-07-17 22:04,0
78.6,46,41768.13,254.59,Enhanced systematic adapter,1,Mexico,2016-07-20 13:21,0
39.5,31,49911.25,148.19,Operative multi-tasking Graphic Interface,1,Mexico,2016-01-28 16:42,1
35.55,39,51593.46,151.18,Robust object-oriented Graphic Interface,0,Mexico,2016-01-13 20:38,1
63.11,34,63107.88,254.94,Balanced mobile Local Area Network,1,Mexico,2016-03-17 22:59,0
78.11,27,63296.87,209.25,Progressive analyzing attitude,1,Mexico,2016-01-30 16:10,0
84.54,33,64902.47,204.02,Synchronized stable complexity,1,Mexico,2016-03-02 10:07,0
81.58,41,55479.62,248.16,Cloned explicit middleware,0,Mexico,2016-01-27 17:55,0
42.94,37,56681.65,130.4,Synergistic dynamic orchestration,1,Mexico,2016-04-12 12:35,1
57.51,38,47682.28,105.71,Re-engineered zero-defect open architecture,0,Mexico,2016-03-31 8:53,1
81.32,25,52416.18,165.65,Pre-emptive next generation Internet solution,0,Mexico,2016-03-08 5:12,0
78.74,28,64828,204.79,Public-key foreground groupware,1,Mexico,2016-05-27 15:25,0
79.61,31,58342.63,235.97,Customizable value-added project,0,Mexico,2016-04-04 21:23,0
67.59,45,58677.69,113.69,User-centric solution-oriented emulation,0,Mexico,2016-07-23 5:21,1
34.66,32,48246.6,194.83,Customer-focused multi-tasking Internet solution,0,Mexico,2016-07-14 12:07,1
44.46,42,30487.48,132.66,Intuitive zero-defect framework,1,Mexico,2016-01-15 19:40,1
35,40,46033.73,151.25,Fully-configurable context-sensitive Graphic Interface,1,Mexico,2016-06-18 16:02,1
74.84,37,64775.1,246.44,User-friendly impactful time-frame,1,Mexico,2016-01-14 16:30,0
81.29,28,33239.2,219.72,Synergized well-modulated Graphical User Interface,0,Mexico,2016-02-15 20:41,0
51.63,51,42415.72,120.37,Expanded intangible solution,1,Mexico,2016-02-01 17:24,1
62.26,53,56770.79,125.45,Profound stable product,1,Mexico,2016-04-07 15:18,1
69.17,40,66193.81,123.62,Extended leadingedge solution,0,Mexico,2016-03-06 11:36,1
56.64,38,61652.53,115.91,Down-sized uniform info-mediaries,0,Mexico,2016-01-05 17:56,1
81.61,33,62667.51,228.76,Enterprise-wide local matrices,0,Mexico,2016-04-17 15:46,0
67.94,43,68447.17,128.16,Assimilated next generation firmware,0,Mexico,2016-05-01 0:23,1
85.77,27,52261.73,191.78,Implemented disintermediate attitude,1,Mexico,2016-04-09 23:26,0
78.41,33,55368.67,248.23,Multi-lateral 24/7 Internet solution,1,Mexico,2016-06-03 4:51,0
88.91,33,53852.85,208.36,Enhanced dedicated support,0,Mexico,2016-01-28 20:59,0
41.18,43,41866.55,129.25,Enterprise-wide incremental Internet solution,1,Mexico,2016-07-05 0:54,1
83.55,39,65816.38,221.18,Switchable well-modulated infrastructure,1,Mexico,2016-06-08 20:13,0
73.94,27,68333.01,173.49,Function-based incremental standardization,0,Mexico,2016-02-10 13:46,0
84.53,35,54773.99,236.29,User-centric composite contingency,0,Mexico,2016-03-26 0:32,0
77.8,57,43708.88,152.94,Virtual executive implementation,0,Mexico,2016-02-14 14:38,1
77.05,34,65756.36,236.08,Centralized value-added hierarchy,0,Mexico,2016-05-17 18:06,0
80.23,31,68441.85,193.77,Monitored national standardization,1,Mexico,2016-04-04 1:39,0
75.83,24,58019.64,162.44,Diverse stable circuit,0,Mexico,2016-01-17 15:10,0
60.91,19,53309.61,184.94,Upgradable directional system engine,0,Mexico,2016-06-09 14:24,1
79.97,26,61747.98,185.45,Down-sized explicit budgetary management,1,Mexico,2016-01-08 19:38,0
77.31,32,62792.43,238.1,Assimilated homogeneous service-desk,0,Mexico,2016-06-17 20:18,0
89.18,37,46403.18,224.01,Public-key impactful neural-net,1,Mexico,2016-04-26 21:45,0
56.04,49,65120.86,128.95,Decentralized real-time circuit,1,Mexico,2016-02-07 8:02,1
69.96,31,73413.87,214.06,Realigned tangible collaboration,1,Mexico,2016-05-20 12:17,0
45.11,58,39799.73,195.69,Sharable reciprocal project,0,Netherlands,2016-01-05 16:26,1
55.32,43,67682.32,127.65,Managed 24hour analyzer,0,Netherlands,2016-03-18 9:08,1
71.03,32,57846.68,120.85,Advanced systemic productivity,0,Netherlands,2016-02-17 23:47,1
80.29,31,49457.48,244.87,Ameliorated contextually-based collaboration,1,Netherlands,2016-06-30 0:40,0
85.26,32,55424.24,224.07,Reverse-engineered dynamic function,1,Netherlands,2016-02-24 6:18,0
76.42,26,60315.19,223.16,Open-source optimizing parallelism,1,Netherlands,2016-04-17 18:38,0
85.37,36,66262.59,194.56,Front-line system-worthy flexibility,1,Netherlands,2016-01-27 17:08,0
63.04,27,69784.85,159.05,Triple-buffered multi-state complexity,0,Netherlands,2016-07-10 16:25,1
50.52,31,72270.88,171.62,Function-based stable alliance,0,Netherlands,2016-01-23 15:02,1
56.3,49,67430.96,135.24,Fully-configurable high-level implementation,1,Netherlands,2016-02-03 19:12,1
58.18,25,69112.84,176.28,Polarized analyzing concept,1,Netherlands,2016-02-10 6:37,0
46.61,52,27241.11,156.99,Ergonomic methodical encoding,0,Netherlands,2016-04-05 5:54,1
57.2,42,57739.03,110.66,Innovative maximized groupware,0,Netherlands,2016-03-19 11:09,1
69.86,25,50506.44,241.36,Triple-buffered foreground encryption,0,Netherlands,2016-01-12 21:17,0
73.46,28,65653.47,222.75,Innovative executive encoding,1,Netherlands,2016-05-15 14:41,0
78.64,31,60283.47,235.28,Integrated client-server definition,1,Netherlands,2016-01-16 17:56,0
82.41,36,65882.81,222.08,Stand-alone logistical service-desk,0,Netherlands,2016-04-12 4:22,0
80.47,25,57519.64,204.86,Reduced global support,0,Netherlands,2016-02-11 13:26,0
54.96,42,59419.78,113.75,Public-key disintermediate emulation,1,Netherlands,2016-02-28 9:31,1
61.84,45,46024.29,105.63,Reactive bi-directional standardization,1,Netherlands,2016-05-05 11:07,1
84.29,41,60638.38,232.54,Re-contextualized systemic time-frame,0,Netherlands,2016-01-27 20:47,0
73.93,44,74180.05,218.22,Quality-focused scalable utilization,0,Netherlands,2016-02-20 0:06,0
76.76,25,50468.36,230.77,Secured uniform instruction set,1,Netherlands,2016-05-26 13:28,0
78.53,34,32536.98,131.72,Synergized multimedia emulation,0,Netherlands,2016-04-22 20:10,1
84.53,33,61922.06,215.18,Optional multi-state hardware,1,Netherlands,2016-07-11 9:32,0
48.22,40,73882.91,214.33,Inverse national core,0,Netherlands,2016-03-22 19:14,0
56.91,50,21773.22,146.44,Team-oriented executive core,0,Netherlands,2016-04-01 5:17,1
70.29,31,56974.51,254.65,Balanced responsive open system,1,Netherlands,2016-03-30 14:36,0
54.88,24,32006.82,148.61,Customizable modular Internet solution,0,Netherlands,2016-05-15 1:03,1
36.98,31,39552.49,167.87,Fully-configurable clear-thinking throughput,1,Netherlands,2016-03-17 6:25,1
76.44,28,59967.19,232.68,Synchronized human-resource moderator,1,Netherlands,2016-04-06 17:26,0
59.99,23,59761.56,226.74,Sharable client-driven software,1,Netherlands,2016-05-19 14:30,0
40.42,45,40183.75,133.9,Stand-alone reciprocal synergy,1,Netherlands,2016-03-16 7:59,1
67.28,43,76246.96,155.8,Future-proofed coherent hardware,1,Netherlands,2016-04-03 21:13,1
73.19,25,64267.88,203.74,Cloned incremental matrices,1,Netherlands,2016-01-19 12:18,0
78.37,24,55015.08,207.27,Quality-focused zero-defect budgetary management,0,Netherlands,2016-01-23 4:47,0
69.5,26,68348.99,203.84,Front-line systemic capability,0,Netherlands,2016-02-27 13:51,0
76.65,31,61117.5,238.43,Function-based executive moderator,0,Pakistan,2016-04-18 7:00,0
65.4,33,66699.12,247.31,Adaptive 24hour Graphic Interface,0,Pakistan,2016-02-12 22:51,0
60.7,43,79332.33,192.6,Multi-tiered multi-state moderator,1,Pakistan,2016-06-06 22:41,0
53.54,39,47314.45,108.03,Optimized systemic capability,0,Pakistan,2016-06-23 11:05,1
45.17,48,34418.09,132.07,Down-sized background groupware,1,Pakistan,2016-01-27 14:41,1
55.39,37,23936.86,129.41,Customizable multi-tasking website,0,Pakistan,2016-01-30 19:20,1
42.51,30,54755.71,144.77,Grass-roots transitional flexibility,1,Pakistan,2016-01-15 19:45,1
60.83,19,40478.83,185.46,Versatile next generation pricing structure,1,Pakistan,2016-02-19 20:49,0
82.07,25,46722.07,205.38,Function-based optimizing extranet,1,Pakistan,2016-06-20 6:30,0
66.17,33,69869.66,238.45,Cross-group neutral synergy,0,Pakistan,2016-01-20 0:26,0
77.65,27,63274.88,212.79,Horizontal client-driven hierarchy,0,Pakistan,2016-02-04 13:30,0
60.25,35,54875.95,109.77,De-engineered fault-tolerant database,0,Pakistan,2016-06-29 13:35,1
60.53,29,56759.48,123.28,Networked even-keeled workforce,0,Pakistan,2016-05-09 10:21,1
72.53,37,73474.82,223.93,Synchronized grid-enabled moratorium,0,Pakistan,2016-07-21 10:01,0
38.63,48,57777.11,222.11,Cross-platform logistical pricing structure,0,Pakistan,2016-04-07 10:51,1
89.34,32,50216.01,177.78,Object-based executive productivity,1,Pakistan,2016-03-21 21:15,0
77.75,31,59047.91,240.64,Multi-lateral motivating circuit,1,Pakistan,2016-06-22 17:19,0
67.56,47,50628.31,109.98,Reduced background data-warehouse,0,Pakistan,2016-02-12 5:20,1
67.64,35,51473.28,267.01,Programmable asymmetric data-warehouse,1,Pakistan,2016-07-02 20:23,0
62.95,60,36752.24,157.04,Polarized tangible collaboration,0,Pakistan,2016-05-24 13:30,1
40.06,38,56782.18,138.68,Organized contextually-based customer loyalty,1,Pakistan,2016-06-11 8:38,1
74.49,28,58996.12,237.34,Persevering eco-centric flexibility,0,Pakistan,2016-01-30 16:15,0
69.2,42,26023.99,123.8,Balanced value-added database,0,Pakistan,2016-06-17 9:58,1
63.43,29,66504.16,236.75,Ergonomic 24/7 solution,1,Pakistan,2016-04-15 10:18,0
35.76,51,45522.44,195.07,Versatile optimizing projection,0,Pakistan,2016-07-18 4:53,1
35.66,45,46197.59,151.72,Exclusive cohesive intranet,0,Pakistan,2016-04-29 14:08,1
77.2,33,49325.48,254.05,Persistent homogeneous framework,1,Pakistan,2016-02-12 20:36,0
85.03,30,60372.64,204.52,Expanded clear-thinking core,0,Pakistan,2016-06-19 9:24,0
38.91,33,56369.74,150.8,Versatile reciprocal structure,1,Pakistan,2016-07-13 7:41,1
38.1,34,60641.09,214.38,Optional secondary access,1,Pakistan,2016-05-30 18:08,1
83.48,31,59340.99,222.72,Intuitive zero administration adapter,1,Pakistan,2016-03-04 13:47,0
59.01,30,75265.96,178.75,Focused multimedia implementation,1,Pakistan,2016-02-08 22:45,1
66.18,35,69476.42,243.61,Proactive asymmetric definition,0,Pakistan,2016-03-25 8:40,0
39.96,35,53898.89,138.52,Phased leadingedge budgetary management,1,Pakistan,2016-02-28 23:21,1
77.88,37,55353.41,254.57,Multi-tiered human-resource structure,0,Pakistan,2016-07-02 0:24,0
40.04,27,48098.86,161.58,Cross-platform neutral system engine,0,Pakistan,2016-05-08 10:25,1
36.62,32,51119.93,162.44,Customer-focused solution-oriented software,1,Pakistan,2016-02-02 19:59,1
68.47,28,67033.34,226.64,Focused coherent success,0,Pakistan,2016-06-25 0:33,0
76.64,39,66217.31,241.5,Reverse-engineered web-enabled support,1,Pakistan,2016-02-09 23:38,0
63.37,43,43155.19,105.04,Open-architected full-range projection,1,Pakistan,2016-03-23 12:53,1
43.77,52,49030.03,138.55,Synergized hybrid time-frame,1,Pakistan,2016-01-25 7:39,1
80.67,34,58909.36,239.76,Seamless impactful info-mediaries,0,Pakistan,2016-01-01 2:52,0
75.71,34,62109.8,246.06,Phased hybrid intranet,0,Portugal,2016-03-11 10:01,0
57.76,41,47861.93,105.15,Triple-buffered scalable groupware,0,Portugal,2016-06-12 15:25,1
55.79,24,59550.05,149.67,Pre-emptive content-based focus group,0,Portugal,2016-02-20 20:47,1
76.24,27,63976.44,214.42,Monitored dynamic instruction set,0,Portugal,2016-06-07 1:29,0
70.29,26,62053.37,231.37,Vision-oriented multi-tasking success,1,Portugal,2016-03-28 19:48,0
72.8,35,63551.67,249.54,Public-key solution-oriented focus group,0,Portugal,2016-01-03 23:21,0
42.06,34,43241.19,131.55,Multi-layered secondary software,0,Portugal,2016-06-29 2:48,1
47.64,49,45632.51,122.02,Centralized neutral neural-net,0,Portugal,2016-03-16 20:19,1
69.62,20,50983.75,202.25,Business-focused encompassing neural-net,1,Portugal,2016-02-26 22:46,0
82.73,33,54541.56,238.99,Grass-roots impactful system engine,1,Portugal,2016-05-20 21:31,0
80.23,31,68094.85,196.23,Secured clear-thinking middleware,0,Portugal,2016-03-19 14:23,0
78.83,36,66050.63,234.64,Future-proofed responsive matrix,1,Portugal,2016-05-08 12:08,0
42.04,49,67323,182.11,Organic logistical adapter,0,Portugal,2016-02-03 16:54,1
87.09,36,57737.51,221.98,Synergized coherent interface,1,Portugal,2016-04-21 16:10,0
89.21,33,44078.24,210.53,Fundamental clear-thinking knowledgebase,0,Portugal,2016-07-19 12:05,0
49.99,41,61068.26,121.07,Profound bottom-line standardization,0,Portugal,2016-03-24 9:34,1
74.58,40,23821.72,135.51,Advanced 24/7 productivity,1,Portugal,2016-02-27 4:43,1
84.98,29,57691.95,202.61,Innovative user-facing extranet,0,Russia,2016-04-27 9:27,0
75.92,22,38427.66,182.65,Monitored context-sensitive initiative,0,Russia,2016-02-26 1:18,0
63.89,40,51317.33,105.22,Synchronized user-facing core,0,Russia,2016-01-08 0:17,1
72.04,22,60309.58,199.43,Realigned systematic function,0,Russia,2016-02-10 6:52,0
74.62,36,73207.15,217.79,Self-enabling even-keeled methodology,0,Russia,2016-04-04 8:19,0
71.83,40,22205.74,135.48,Diverse background ability,1,Russia,2016-02-18 22:42,1
79.6,39,73392.28,194.23,Organized global flexibility,0,Russia,2016-04-22 7:48,0
74.87,52,43698.53,126.97,Public-key non-volatile implementation,0,Russia,2016-05-31 2:17,1
63.3,38,63071.34,116.19,Polarized intangible encoding,0,Russia,2016-05-09 7:13,1
50.43,46,57425.87,119.32,Persevering needs-based open architecture,1,Russia,2016-05-07 17:11,1
81.38,31,64929.61,212.3,Balanced dynamic application,0,Russia,2016-02-08 0:23,0
83.67,44,60192.72,234.26,Upgradable system-worthy array,1,Russia,2016-02-06 23:08,0
73.88,29,63109.74,233.61,Digitized zero-defect implementation,0,Russia,2016-01-04 6:37,0
67.85,41,78520.99,202.7,Reactive tangible contingency,1,Russia,2016-01-21 22:51,1
50.52,28,66929.03,219.69,Versatile responsive knowledge user,0,Russia,2016-04-03 6:17,1
72.19,33,61275.18,250.35,Synchronized national infrastructure,1,Russia,2016-05-19 11:16,0
47.74,33,22456.04,154.93,Open-source 5thgeneration leverage,1,Russia,2016-05-14 14:49,1
41.67,36,53817.02,132.55,Realigned zero tolerance emulation,0,Russia,2016-06-13 18:50,1
81.25,33,65186.58,222.35,Enhanced system-worthy toolset,1,Russia,2016-04-16 14:15,0
48.86,35,62463.7,128.37,Universal empowering adapter,1,Russia,2016-01-04 0:44,1
81.98,34,67432.49,212.88,Up-sized maximized model,0,Russia,2016-06-04 9:25,0
62.42,38,74445.18,143.94,Diverse executive groupware,0,Russia,2016-07-19 7:59,1
71.76,35,69285.69,237.39,Customizable zero-defect matrix,0,Russia,2016-05-26 13:18,0
54.92,54,23975.35,161.16,Extended interactive model,0,Russia,2016-06-13 13:59,1
65.72,36,28275.48,120.12,Managed didactic flexibility,0,Russia,2016-02-13 13:57,1
70.96,31,55187.85,256.4,Ameliorated user-facing help-desk,0,Russia,2016-06-26 7:01,0
85.84,34,64654.66,192.93,Front-line heuristic data-warehouse,1,Russia,2016-06-15 5:30,0
38.52,38,42581.23,137.28,Customer-focused 24/7 concept,1,Russia,2016-03-27 23:59,1
88.04,45,62589.84,191.17,Profound explicit hardware,1,Russia,2016-03-07 20:02,0
77.25,27,55901.12,231.38,Pre-emptive neutral contingency,1,Russia,2016-04-25 16:58,0
44.11,41,43111.41,121.24,Organic next generation matrix,1,Russia,2016-04-20 16:49,1
43.16,29,50666.5,143.04,Robust holistic application,1,Russia,2016-03-05 20:53,1
70.03,26,64264.25,227.72,Versatile 4thgeneration system engine,1,Russia,2016-05-22 20:49,0
85.56,29,53673.08,210.46,Advanced modular Local Area Network,0,Russia,2016-06-05 13:16,0
66.01,23,34127.21,151.95,Front-line tangible alliance,0,Russia,2016-06-21 3:14,1
49.84,39,45800.48,111.59,Reduced multimedia project,0,Russia,2016-02-09 7:21,1
58.6,50,45400.5,113.7,Organic asynchronous hierarchy,0,Russia,2016-01-28 7:10,1
59.96,33,77143.61,197.66,Expanded modular application,0,Russia,2016-01-14 8:27,1
69.47,26,59785.94,236.5,Organic bottom-line service-desk,0,Russia,2016-03-13 20:35,0
81.22,53,34309.24,223.09,Networked coherent interface,1,Russia,2016-01-07 13:25,0
37.01,50,48826.14,216.01,Secured encompassing Graphical User Interface,0,Russia,2016-03-20 2:44,1
40.15,38,38745.29,134.88,Exclusive disintermediate task-force,1,Russia,2016-06-27 18:37,1
44.49,53,63100.13,168,Business-focused real-time toolset,1,Russia,2016-04-23 6:28,1
69.78,29,70410.11,218.79,Multi-layered non-volatile Graphical User Interface,0,Russia,2016-05-24 18:35,0
43.83,45,35684.82,129.01,Total human-resource flexibility,0,Russia,2016-01-29 5:39,1
60.23,60,46239.14,151.54,Seamless optimal contingency,1,Russia,2016-07-15 15:43,1
85.73,32,43778.88,147.75,Stand-alone radical throughput,1,Russia,2016-07-10 17:24,1
55.6,23,30227.98,212.58,Multi-layered 4thgeneration knowledge user,0,Russia,2016-01-14 14:00,1
71.86,32,51633.34,116.53,Face-to-face even-keeled website,0,Russia,2016-05-17 6:14,1
73.04,37,73687.5,221.79,Organic contextually-based focus group,1,Russia,2016-06-19 22:26,0
85.23,36,64238.71,212.92,Visionary client-driven installation,1,Russia,2016-02-27 12:34,0
52.84,43,28495.21,122.31,Multi-tiered mobile encoding,0,Russia,2016-07-16 10:14,1
71.27,21,50147.72,216.03,Quality-focused bi-directional throughput,1,Russia,2016-01-11 12:46,0
56.57,26,56435.6,131.98,Multi-channeled non-volatile website,0,Russia,2016-01-23 13:14,1
56.78,28,39939.39,124.32,Mandatory empowering focus group,0,Russia,2016-06-19 23:04,1
63.6,23,51864.77,235.28,Centralized logistical secured line,1,Russia,2016-06-01 9:27,0
46.77,32,31092.93,136.4,Multi-tiered maximized archive,1,Russia,2016-03-23 6:00,1
60.53,24,66873.9,167.22,Organic interactive support,0,Russia,2016-03-25 15:17,1
46.04,32,65499.93,147.92,Universal transitional Graphical User Interface,0,Russia,2016-05-30 20:07,1
81.95,31,64698.58,208.76,Distributed cohesive migration,1,Russia,2016-05-01 21:46,0
81.98,40,65461.92,229.22,Ameliorated upward-trending definition,0,Russia,2016-04-15 11:51,0
52.62,50,73863.25,176.52,Enterprise-wide foreground emulation,0,Russia,2016-02-01 20:30,1
68.11,38,73884.48,231.21,Reactive national success,0,Russia,2016-01-07 21:21,0
57.05,41,50278.89,269.96,Seamless full-range website,1,Russia,2016-01-09 3:45,1
56.93,37,57887.64,111.8,Reactive demand-driven strategy,0,Russia,2016-06-10 0:35,1
74.41,26,64395.85,163.05,Right-sized value-added initiative,0,Russia,2016-07-23 4:37,0
46.88,54,43444.86,136.64,Virtual scalable secured line,0,Russia,2016-02-04 8:53,1
76.84,32,65883.39,231.59,Reduced incremental productivity,0,Russia,2016-03-03 22:31,0
86.38,40,66359.32,188.27,Cross-platform 4thgeneration focus group,1,Russia,2016-03-19 14:57,0
77.89,26,64188.5,201.54,Switchable multi-state success,0,Russia,2016-05-15 3:10,0
80.53,29,66345.1,187.64,Sharable upward-trending support,0,Singapore,2016-03-21 8:13,0
85.01,29,59797.64,192.5,Devolved exuding Local Area Network,0,Singapore,2016-05-03 16:02,0
88.82,36,58638.75,169.1,Assimilated discrete strategy,0,Singapore,2016-01-30 0:05,0
58.95,55,56242.7,131.29,Proactive actuating Graphical User Interface,1,Singapore,2016-06-20 8:34,1
84.45,50,29727.79,207.18,Customer-focused transitional strategy,0,Singapore,2016-07-13 4:10,1
82.7,35,61383.79,231.07,Visionary multi-tasking alliance,0,Singapore,2016-01-09 15:49,0
73.89,35,70495.64,229.99,Multi-channeled asymmetric installation,1,Singapore,2016-06-26 17:25,0
43.88,54,31523.09,166.85,Enhanced methodical database,1,Singapore,2016-06-04 17:24,1
65.56,25,69646.35,181.25,Stand-alone explicit orchestration,1,Singapore,2016-01-05 12:59,0
62.33,43,68787.09,127.11,Devolved zero administration intranet,0,Singapore,2016-06-21 13:15,1
68.61,57,61770.34,150.29,Diverse modular interface,0,Singapore,2016-04-10 19:48,1
58.22,29,37345.24,120.9,User-friendly client-server instruction set,0,Singapore,2016-02-11 2:40,1
74.32,33,62060.11,128.17,Monitored real-time superstructure,0,Singapore,2016-05-23 21:14,1
34.78,48,42861.42,208.21,Exclusive even-keeled moratorium,1,South Africa,2016-03-24 2:01,1
32.91,37,51691.55,181.02,Future-proofed fresh-thinking conglomeration,0,South Africa,2016-07-17 14:26,1
74.61,38,71055.22,231.28,Networked impactful framework,1,South Africa,2016-04-06 23:10,0
70.92,39,66522.79,249.81,Up-sized intangible circuit,1,South Africa,2016-07-21 20:30,0
76.87,36,72948.76,212.59,Down-sized bandwidth-monitored core,0,South Africa,2016-07-08 22:30,0
42.32,29,63891.29,187.09,Digitized radical architecture,1,South Africa,2016-02-14 4:14,1
63.45,23,52182.23,140.64,Persistent demand-driven interface,1,South Africa,2016-03-09 3:41,1
82.38,35,25603.93,159.6,Polarized analyzing intranet,0,South Africa,2016-07-18 1:36,1
44.16,42,61690.93,133.42,Innovative interactive portal,1,South Africa,2016-05-25 0:34,1
85.4,43,67058.72,198.72,Triple-buffered demand-driven alliance,0,South Africa,2016-06-08 18:54,0
79.16,32,69562.46,202.9,Compatible intermediate concept,1,South Africa,2016-03-30 20:23,0
82.07,24,50337.93,193.97,Monitored local Internet solution,0,South Africa,2016-06-14 7:02,0
83.17,43,54251.78,244.4,Managed national hardware,1,South Africa,2016-04-05 18:02,0
74.88,27,67240.25,175.17,Organized empowering policy,1,Spain,2016-04-17 6:58,0
79.83,29,55764.43,234.23,Innovative regional groupware,1,Spain,2016-05-18 19:33,0
44.78,45,63363.04,137.24,Extended context-sensitive monitoring,1,Spain,2016-07-09 11:04,1
71.55,36,75687.46,163.99,Inverse next generation moratorium,1,Spain,2016-07-20 23:08,0
44.98,49,52336.64,129.31,Organized global model,0,Spain,2016-04-10 0:13,1
66.18,55,28271.84,143.42,Vision-oriented contextually-based extranet,0,Spain,2016-01-10 23:14,1
72.45,29,72325.91,195.36,Centralized 24hour synergy,1,Spain,2016-01-11 6:02,0
47.23,43,73538.09,210.87,Optimized upward-trending productivity,1,Spain,2016-03-17 22:24,1
79.09,32,69481.85,209.72,Optimized multimedia website,1,Spain,2016-05-07 21:32,0
35.66,36,59240.24,172.57,Implemented uniform synergy,0,Spain,2016-02-21 20:09,1
62.26,26,70203.74,202.77,Public-key mission-critical core,0,Spain,2016-06-08 12:25,0
85.78,34,50038.65,232.78,Persistent fault-tolerant service-desk,0,Spain,2016-07-20 21:53,0
80.09,31,66636.84,214.08,Pre-emptive systematic budgetary management,0,Spain,2016-05-23 21:00,0
79.6,28,56570.06,227.37,Synergistic discrete middleware,1,Spain,2016-05-03 16:55,0
71.23,52,41521.28,122.59,Self-enabling zero administration neural-net,0,Spain,2016-01-05 11:53,1
54.35,42,76984.21,164.02,Proactive interactive service-desk,0,Spain,2016-06-20 8:22,0
61.22,45,63883.81,119.03,Streamlined logistical secured line,1,Spain,2016-01-05 9:42,1
45.7,33,67384.31,151.12,Self-enabling multimedia system engine,1,Spain,2016-05-26 10:33,1
60.39,45,38987.42,108.25,Front-line methodical utilization,1,Spain,2016-03-02 15:39,1
72.19,32,61067.58,250.32,Balanced discrete approach,1,Spain,2016-04-22 19:45,0
83.66,38,68877.02,175.14,Profound dynamic attitude,0,Spain,2016-02-18 3:58,0
86.76,28,48679.54,189.91,Object-based leadingedge complexity,0,Spain,2016-02-10 8:21,0
32.6,38,40159.2,190.05,Customizable homogeneous contingency,0,Spain,2016-02-12 3:39,1
66.67,33,72707.87,228.03,Horizontal content-based synergy,1,Spain,2016-04-21 20:29,0
84.71,32,61610.05,210.23,Reactive responsive emulation,0,Spain,2016-05-29 7:29,0
75.55,22,41851.38,169.4,Upgradable even-keeled challenge,0,Spain,2016-02-19 7:29,1
35.34,45,46693.76,152.86,De-engineered actuating hierarchy,0,Spain,2016-06-18 16:32,1
68.6,33,68448.94,135.08,Focused high-level frame,0,Spain,2016-02-17 18:50,1
78.84,32,62430.55,235.29,Optimized 5thgeneration moratorium,1,Spain,2016-04-09 9:26,0
55.46,37,42078.89,108.1,Exclusive systematic algorithm,0,Thailand,2016-02-21 23:07,1
42.44,56,43450.11,168.27,Profit-focused attitude-oriented task-force,0,Thailand,2016-02-10 15:23,1
75.19,31,33502.57,245.76,Implemented discrete frame,1,Thailand,2016-06-16 18:04,0
58.05,32,15879.1,195.54,Total asynchronous architecture,1,Thailand,2016-02-12 10:39,1
80.49,40,67186.54,229.12,Balanced heuristic approach,1,Thailand,2016-02-14 3:50,0
66.99,47,27262.51,124.44,Operative actuating installation,1,Thailand,2016-06-15 11:56,1
83.4,39,60879.48,235.01,Advanced local task-force,0,Thailand,2016-04-07 1:57,0
75.8,38,70575.6,146.19,Progressive clear-thinking open architecture,1,Thailand,2016-04-18 11:23,0
43.02,44,50199.77,125.22,Configurable bottom-line application,0,Thailand,2016-04-13 5:42,1
73.72,32,52140.04,256.4,Universal contextually-based system engine,1,Thailand,2016-03-18 2:39,0
50.19,40,33987.27,117.3,Progressive uniform budgetary management,0,Thailand,2016-03-25 19:02,1
68.94,54,30726.26,138.71,Streamlined next generation implementation,0,Turkey,2016-04-19 7:34,1
79.52,27,64287.78,183.48,Automated coherent flexibility,1,Turkey,2016-06-10 10:11,0
86.06,31,53767.12,219.72,Extended local methodology,1,Turkey,2016-04-28 18:34,0
65.53,19,51049.47,190.17,Pre-emptive client-server installation,1,Turkey,2016-06-20 2:25,0
87.14,31,58235.21,199.4,Up-sized bifurcated capability,1,Turkey,2016-05-18 1:00,0
78.54,35,72524.86,172.1,Multi-channeled asynchronous open system,0,Turkey,2016-05-28 20:41,0
64.67,51,24316.61,138.35,Horizontal incremental website,1,Turkey,2016-02-14 16:33,1
90.75,40,45945.88,216.5,Decentralized methodical capability,0,Turkey,2016-03-11 9:58,0
41.39,41,68962.32,167.22,Exclusive neutral parallelism,0,Turkey,2016-06-13 17:27,1
47.23,38,70582.55,149.8,Implemented context-sensitive Local Area Network,1,Turkey,2016-06-22 5:22,1
85.54,27,48761.14,175.43,Right-sized solution-oriented benchmark,1,Turkey,2016-03-31 13:54,0
40.34,29,32549.95,173.75,Object-based motivating instruction set,0,Turkey,2016-03-30 5:29,1
56.01,26,46339.25,127.26,Re-engineered real-time success,0,Turkey,2016-07-05 18:59,1
82.87,37,67938.77,213.36,Front-line fresh-thinking open system,0,Turkey,2016-06-28 20:13,0
83.26,40,70225.6,187.76,Decentralized foreground infrastructure,1,Turkey,2016-01-02 14:36,0
82.37,30,63664.32,207.44,Open-architected system-worthy ability,0,Turkey,2016-06-29 4:23,0
35.79,44,33813.08,165.62,Enterprise-wide tangible model,1,Turkey,2016-04-20 13:36,1
44.33,37,52723.34,123.72,Visionary maximized process improvement,1,Turkey,2016-01-08 9:32,1
69,32,72683.35,221.21,Virtual composite model,1,Turkey,2016-02-11 4:37,0
32.84,40,41232.89,171.72,Triple-buffered 3rdgeneration migration,0,Turkey,2016-03-10 1:36,1
68.95,35,61833.9,256.09,Cloned 5thgeneration orchestration,0,Turkey,2016-03-27 0:53,0
64.24,30,59784.18,252.36,Front-line intermediate database,0,Turkey,2016-04-16 11:53,0
75.74,25,61005.87,215.25,Ergonomic multi-state structure,1,Turkey,2016-01-16 11:35,0
42.84,52,27073.27,182.2,Enhanced optimizing website,1,Turkey,2016-03-21 11:02,1
62.31,47,62722.57,119.3,Team-oriented encompassing portal,0,Turkey,2016-02-14 7:36,1
33.21,43,42650.32,167.07,Polarized clear-thinking budgetary management,1,Turkey,2016-05-10 17:39,1
78.7,30,53441.69,133.99,Compatible intangible customer loyalty,0,Turkey,2016-02-10 19:20,1
83.47,39,64447.77,226.11,Total directional approach,0,Turkey,2016-05-15 20:48,0
59.13,44,49525.37,106.04,Upgradable heuristic system engine,1,Turkey,2016-06-09 17:11,1
46.89,48,72553.94,176.78,Polarized mission-critical structure,1,Turkey,2016-07-17 13:22,1
43.07,36,60583.02,137.63,Monitored zero administration collaboration,1,Turkey,2016-02-11 20:45,1
53.92,41,25739.09,125.46,Business-focused transitional solution,1,Turkey,2016-06-12 11:17,1
82.52,32,66572.39,198.11,Persevering exuding system engine,1,USA,2016-05-08 15:38,0
37.68,52,53575.48,172.83,Organic leadingedge secured line,1,USA,2016-02-17 13:16,1
49.95,39,68737.75,136.59,Cloned object-oriented benchmark,0,USA,2016-03-24 9:12,1
81.21,36,63394.41,233.04,User-friendly content-based customer loyalty,0,USA,2016-01-02 9:30,0
87.85,34,51816.27,153.01,Digitized interactive initiative,0,USA,2016-03-19 8:00,0
86.81,29,50820.74,199.62,Multi-channeled scalable moratorium,1,USA,2016-02-21 16:57,0
35.33,32,51510.18,200.22,Organized client-driven alliance,0,USA,2016-06-05 22:11,1
69.01,46,74543.81,222.63,Advanced full-range migration,0,USA,2016-07-07 13:37,0
69.08,41,77460.07,210.6,Ergonomic client-driven application,0,USA,2016-03-12 1:39,0
76.77,36,58348.41,123.51,Universal even-keeled analyzer,0,USA,2016-05-04 0:01,1
52.68,23,39616,149.2,Vision-oriented attitude-oriented Internet solution,1,USA,2016-07-16 5:56,1
48.53,28,38067.08,134.14,Ameliorated client-driven forecast,1,USA,2016-02-08 10:46,1
77.29,27,66265.34,201.24,Grass-roots 4thgeneration forecast,1,USA,2016-02-15 3:43,0
58.03,31,28387.42,129.33,User-friendly bandwidth-monitored attitude,0,USA,2016-06-29 9:04,1
63.8,38,36037.33,108.7,Adaptive demand-driven knowledgebase,1,USA,2016-03-19 0:27,1
77.56,38,63336.85,130.83,Right-sized multi-tasking solution,1,USA,2016-05-19 3:52,1
39.47,43,65576.05,163.48,Team-oriented systematic installation,1,USA,2016-07-06 23:09,1
36.56,29,42838.29,195.89,Team-oriented bi-directional secured line,0,USA,2016-01-01 15:14,1
59.05,52,50086.17,118.45,Upgradable logistical flexibility,1,USA,2016-04-23 3:46,1
65.82,39,76435.3,221.94,Reactive demand-driven capacity,0,USA,2016-02-09 5:28,0
55.13,45,55605.92,111.71,Customizable executive software,0,USA,2016-02-17 21:55,1
82.68,33,62669.59,222.77,Re-engineered exuding frame,1,USA,2016-06-20 9:35,0
77.65,28,66198.66,208.01,Configurable impactful capacity,0,USA,2016-02-26 19:35,0
78.74,27,51409.45,234.75,Quality-focused zero tolerance matrices,0,USA,2016-06-18 19:10,0
72.6,55,66815.54,162.95,Focused intangible moderator,0,USA,2016-07-13 16:12,1
77.05,27,66624.6,191.14,Reduced bi-directional strategy,0,USA,2016-01-21 23:48,0
79.91,32,62772.42,230.18,Total zero administration software,1,USA,2016-06-17 3:02,0
49.84,38,67781.31,135.24,Phased hybrid superstructure,1,USA,2016-05-18 3:19,1
76.27,27,60082.66,226.69,Total coherent superstructure,1,USA,2016-06-18 1:42,0
45.53,29,56129.89,141.58,Front-line neutral alliance,0,USA,2016-04-22 22:01,1
79.94,28,58526.04,225.29,Visionary reciprocal circuit,0,USA,2016-05-03 21:19,0
60.07,42,65963.37,120.75,Total user-facing hierarchy,1,USA,2016-04-15 10:16,1
47.9,42,48467.68,114.53,Cross-group human-resource time-frame,0,USA,2016-02-24 19:08,1
75.7,29,67633.44,215.44,Profound zero administration instruction set,0,USA,2016-01-14 0:23,0
36.08,45,41417.27,151.47,Automated client-driven orchestration,1,USA,2016-07-03 4:11,1
81.17,30,57195.96,231.91,Optimized static archive,1,USA,2016-06-03 7:00,0
35.21,39,52340.1,154,Advanced disintermediate data-warehouse,1,USA,2016-03-25 6:36,1
55.2,39,76560.59,159.46,Exclusive zero tolerance alliance,1,USA,2016-05-30 7:36,1
86.78,30,54952.42,170.13,Fundamental zero tolerance solution,1,USA,2016-02-18 23:08,0
43.01,35,48347.64,127.37,Organized 24/7 middleware,0,USA,2016-06-11 9:37,1
50.6,30,34191.13,129.88,Realigned reciprocal framework,1,USA,2016-05-03 12:57,1
79.89,30,50356.06,241.38,Synergized uniform hierarchy,1,USA,2016-05-30 8:35,0
79.81,37,51847.26,253.17,Realigned global initiative,0,Uruguay,2016-05-13 14:12,0
74.59,23,40135.06,158.35,Phased clear-thinking encoding,1,Uruguay,2016-02-15 16:52,1
68.95,51,74623.27,185.85,Front-line bandwidth-monitored capacity,1,Uruguay,2016-03-15 20:19,0
53.22,44,44307.18,108.85,Horizontal client-server database,0,Uruguay,2016-05-26 6:03,1
73.57,30,70377.23,212.38,Pre-emptive transitional protocol,0,Uruguay,2016-03-20 8:22,0
78.76,32,70012.83,208.02,Managed attitude-oriented Internet solution,1,Uruguay,2016-04-20 10:04,0
75.03,34,35764.49,255.57,Networked local secured line,0,Uruguay,2016-05-29 18:12,1
78.79,32,68324.48,215.29,Stand-alone background open system,1,Uruguay,2016-02-21 13:11,0
80.87,28,63528.8,203.3,Ameliorated local workforce,0,Uruguay,2016-02-27 20:20,0
37.75,36,35466.8,225.24,Polarized dynamic throughput,0,Vietnam,2016-02-26 19:48,1
76.58,46,41884.64,258.26,Secured 24hour policy,0,Vietnam,2016-01-03 16:30,0
38.35,41,34886.01,144.69,Synergistic reciprocal attitude,1,Vietnam,2016-06-24 8:42,1
68.25,33,76480.16,198.86,Organic well-modulated database,1,Vietnam,2016-05-30 8:02,0
73.49,38,67132.46,244.23,Organic 3rdgeneration encryption,0,Vietnam,2016-02-14 11:36,0
67.47,24,60514.05,225.05,Multi-tiered heuristic strategy,1,Vietnam,2016-03-20 7:12,0
78.58,33,51772.58,250.11,Centralized user-facing service-desk,1,Vietnam,2016-04-16 10:36,0
75.24,24,52252.91,226.49,Vision-oriented next generation solution,0,Vietnam,2016-02-25 16:33,0
52.7,34,58543.94,118.6,Integrated human-resource encoding,1,Vietnam,2016-05-08 12:12,1
81.03,28,63727.5,201.15,Persevering tertiary capability,0,Vietnam,2016-01-06 13:20,0
61.72,26,67279.06,218.49,Grass-roots systematic hardware,0,Vietnam,2016-02-14 7:15,0
64.75,36,63001.03,117.66,Multi-tiered stable leverage,0,Vietnam,2016-04-06 1:19,1
41.16,49,59448.44,150.83,Configurable interactive contingency,1,Vietnam,2016-03-28 9:15,1
72.94,31,74159.69,190.84,Multi-tiered real-time implementation,0,Vietnam,2016-04-29 13:38,0
84.76,30,61039.13,178.69,Monitored 24/7 moratorium,0,Vietnam,2016-05-14 23:08,0
39.85,38,31343.39,145.96,Profit-focused dedicated utilization,0,Vietnam,2016-01-03 3:22,1
81.37,33,66412.04,215.04,Enhanced regional conglomeration,0,Vietnam,2016-01-15 1:20,0
43.49,45,47968.32,124.67,Synchronized full-range portal,0,Vietnam,2016-06-14 12:08,1
56.89,37,37334.78,109.29,Open-source coherent policy,1,Zimbabwe,2016-05-25 0:19,1
73.95,35,67714.82,238.58,Persevering even-keeled help-desk,0,Zimbabwe,2016-04-10 14:48,0
74.06,23,40345.49,225.99,Phased content-based middleware,0,Zimbabwe,2016-07-23 6:18,0
80.96,39,67866.95,225,Integrated leadingedge frame,1,Zimbabwe,2016-01-17 4:12,0
41.49,53,31947.65,169.18,Persevering reciprocal firmware,0,Zimbabwe,2016-07-03 9:22,1
39.56,41,59243.46,143.13,Ameliorated exuding solution,1,Zimbabwe,2016-05-13 11:57,1
66.14,41,78092.95,165.27,Re-engineered impactful software,0,Zimbabwe,2016-03-23 8:52,0
43.65,39,63649.04,138.87,Business-focused background synergy,0,Zimbabwe,2016-05-08 22:24,1
75.42,26,63373.7,164.25,Optional regional throughput,1,Zimbabwe,2016-02-26 17:14,0
87.16,37,50711.68,231.95,Pre-emptive content-based frame,1,Zimbabwe,2016-03-16 20:33,0
67.51,43,23942.61,127.2,Digitized homogeneous core,0,Zimbabwe,2016-04-29 14:10,1
50.32,40,27964.6,125.65,Realigned intangible benchmark,0,Zimbabwe,2016-04-27 18:25,1
77.35,34,72330.57,167.26,Total bi-directional success,0,Zimbabwe,2016-03-09 12:10,0
72.88,44,64011.26,125.12,Customer-focused explicit challenge,0,Zimbabwe,2016-04-21 19:56,1
51.5,34,67050.16,135.31,Configurable dynamic adapter,0,Zimbabwe,2016-03-15 11:25,1
88.72,32,43870.51,211.87,Customer-focused system-worthy superstructure,1,Zimbabwe,2016-01-03 17:10,0
52.7,41,41059.64,109.34,Team-oriented high-level orchestration,1,Zimbabwe,2016-01-31 8:50,1
49.96,55,60968.62,151.94,Multi-layered user-facing parallelism,1,Zimbabwe,2016-04-04 0:02,1
49.67,27,28019.09,153.69,Face-to-face reciprocal methodology,0,Zimbabwe,2016-05-09 8:44,1
67.35,29,47510.42,118.69,Sharable secondary Graphical User Interface,0,Zimbabwe,2016-04-28 21:58,1
56.64,29,55984.89,123.24,Versatile 6thgeneration parallelism,1,Zimbabwe,2016-02-27 8:52,1
36.91,48,54645.2,159.69,Ameliorated coherent open architecture,0,Zimbabwe,2016-02-24 7:13,1
81.56,26,51363.16,213.7,Open-source scalable protocol,1,Zimbabwe,2016-07-13 21:31,0
83.98,36,68305.91,194.62,Profit-focused secondary portal,0,Zimbabwe,2016-02-24 0:44,0
